latitude,longitude,depth,SampleID,Location_Code,time,Temp,Air_Temp,Salinity,Chl_Volume_Filtered,Chl1,Chl2,Avg_Chloro,Phaeo1,Phaeo2,Avg_Phaeo,Phosphate,Silicate,Nitrite,Nitrite_Nitrate,Ammonium,Nitrate,DA_Volume_Filtered,pDA,tDA,dDA,Volume_Settled_for_Counting,Akashiwo_sanguinea,Alexandrium_spp,Dinophysis_spp,Lingulodinium_polyedra,Prorocentrum_spp,Pseudo_nitzschia_delicatissima_group,Pseudo_nitzschia_seriata_group,Ceratium,Cochlodinium,Gymnodinium_spp,Other_Diatoms,Other_Dinoflagellates,Total_Phytoplankton
degrees_north,degrees_east,m,,,UTC,celsius,celsius,,mL,mg/m3,mg/m3,mg/m3,mg/m3,mg/m3,mg/m3,uM,uM,uM,uM,uM,uM,mL,ng/mL,ng/mL,ng/mL,mL,cells/L,cells/L,cells/L,cells/L,cells/L,cells/L,cells/L,cells/L,cells/L,cells/L,cells/L,cells/L,cells/L
36.958,-122.017,NaN,WW100511SC,HAB_SCW,2011-10-05T13:00:00Z,15.1,NaN,NaN,25,5.27,5.16,5.21,NaN,NaN,NaN,0.7,9.8,NaN,NaN,1.76,2.0,250,0.92,NaN,NaN,NaN,NaN,880.0,980.0,NaN,NaN,NaN,47200.0,NaN,NaN,NaN,NaN,NaN,NaN
36.958,-122.017,NaN,WW101211SC,HAB_SCW,2011-10-12T12:55:00Z,15.4,NaN,NaN,25,3.52,3.38,3.45,NaN,NaN,NaN,1.07,18.54,NaN,NaN,3.85,2.51,250,0.06,NaN,NaN,NaN,NaN,0.0,160.0,NaN,NaN,NaN,0.0,NaN,NaN,NaN,NaN,NaN,NaN
36.958,-122.017,NaN,WW101911SC,HAB_SCW,2011-10-19T13:09:00Z,17.2,NaN,NaN,25,12.94,13.15,13.05,NaN,NaN,NaN,0.85,16.35,NaN,NaN,1.74,5.81,250,0.26,NaN,NaN,NaN,NaN,20.0,18900.0,NaN,NaN,NaN,13450.0,NaN,NaN,NaN,NaN,NaN,NaN
36.958,-122.017,NaN,WW102611SC,HAB_SCW,2011-10-26T14:10:00Z,13.5,NaN,NaN,25,5.97,5.82,5.9,NaN,NaN,NaN,1.37,17.21,NaN,NaN,4.55,5.86,250,0.05,NaN,NaN,NaN,NaN,760.0,0.0,NaN,NaN,NaN,900.0,NaN,NaN,NaN,NaN,NaN,NaN
36.958,-122.017,NaN,WW110211SC,HAB_SCW,2011-11-02T13:35:00Z,12.3,NaN,NaN,25,4.49,4.38,4.43,NaN,NaN,NaN,1.49,21.63,NaN,NaN,3.77,5.42,250,0.05,NaN,NaN,NaN,NaN,50.0,0.0,NaN,NaN,NaN,2600.0,NaN,NaN,NaN,NaN,NaN,NaN
36.958,-122.017,NaN,WW110911SC,HAB_SCW,2011-11-09T16:50:00Z,12.1,NaN,NaN,25,14.14,13.72,13.93,NaN,NaN,NaN,1.11,19.68,NaN,NaN,1.56,6.13,250,3.81,NaN,NaN,NaN,NaN,1490.0,130.0,NaN,NaN,NaN,153850.0,NaN,NaN,NaN,NaN,NaN,NaN
36.958,-122.017,NaN,WW111611SC,HAB_SCW,2011-11-16T16:06:00Z,11.3,NaN,NaN,25,47.82,49.29,48.55,NaN,NaN,NaN,1.45,19.45,NaN,NaN,0.24,0.49,100,0.0,NaN,NaN,NaN,NaN,7067.0,83.0,NaN,NaN,NaN,250.0,NaN,NaN,NaN,NaN,NaN,NaN
36.958,-122.017,NaN,WW112311SC,HAB_SCW,2011-11-23T15:45:00Z,11.3,NaN,NaN,25,48.86,56.84,52.85,NaN,NaN,NaN,0.75,15.61,NaN,NaN,0.11,0.07,100,3.13,NaN,NaN,NaN,NaN,2360.0,100.0,NaN,NaN,NaN,81200.0,NaN,NaN,NaN,NaN,NaN,NaN
36.958,-122.017,NaN,WW113011SC,HAB_SCW,2011-11-30T15:45:00Z,11.5,NaN,NaN,25,51.59,54.95,53.27,NaN,NaN,NaN,0.65,18.22,NaN,NaN,0.13,0.21,100,0.8,NaN,NaN,NaN,NaN,820.0,80.0,NaN,NaN,NaN,25350.0,NaN,NaN,NaN,NaN,NaN,NaN
36.958,-122.017,NaN,WW120711SC,HAB_SCW,2011-12-07T15:35:00Z,10.2,NaN,NaN,25,42.7,42.21,42.45,NaN,NaN,NaN,0.76,18.8,NaN,NaN,0.51,0.94,100,0.09,NaN,NaN,NaN,NaN,1720.0,140.0,NaN,NaN,NaN,5050.0,NaN,NaN,NaN,NaN,NaN,NaN
36.958,-122.017,NaN,WW121411SC,HAB_SCW,2011-12-14T16:50:00Z,10.7,NaN,NaN,25,2.24,1.97,2.1,NaN,NaN,NaN,1.13,16.36,NaN,NaN,4.92,2.35,250,0.54,NaN,NaN,NaN,NaN,80.0,10.0,NaN,NaN,NaN,27200.0,NaN,NaN,NaN,NaN,NaN,NaN
36.958,-122.017,NaN,WW122111SC,HAB_SCW,2011-12-21T16:34:00Z,11.1,NaN,NaN,25,1.7,1.44,1.57,NaN,NaN,NaN,0.86,9.87,NaN,NaN,2.57,5.38,250,0.0,NaN,NaN,NaN,NaN,270.0,30.0,NaN,NaN,NaN,0.0,NaN,NaN,NaN,NaN,NaN,NaN
36.958,-122.017,NaN,WW010412SC,HAB_SCW,2012-01-04T16:55:00Z,11.2,NaN,NaN,25,1.59,1.61,1.6,NaN,NaN,NaN,1.27,16.09,NaN,NaN,2.46,10.14,250,0.0,NaN,NaN,NaN,NaN,0.0,0.0,NaN,NaN,NaN,0.0,NaN,NaN,NaN,NaN,NaN,NaN
36.958,-122.017,NaN,WW011112SC,HAB_SCW,2012-01-11T16:35:00Z,10.4,NaN,NaN,25,2.86,2.85,2.85,NaN,NaN,NaN,1.25,17.93,NaN,NaN,2.11,10.04,250,0.0,NaN,NaN,NaN,NaN,10.0,60.0,NaN,NaN,NaN,0.0,NaN,NaN,NaN,NaN,NaN,NaN
36.958,-122.017,NaN,WW011812SC,HAB_SCW,2012-01-18T16:30:00Z,9.7,NaN,NaN,25,1.45,1.48,1.47,NaN,NaN,NaN,1.29,20.91,NaN,NaN,2.97,9.48,250,0.0,NaN,NaN,NaN,NaN,0.0,90.0,NaN,NaN,NaN,0.0,NaN,NaN,NaN,NaN,NaN,NaN
36.958,-122.017,NaN,WW012512SC,HAB_SCW,2012-01-25T16:36:00Z,10.9,NaN,NaN,25,1.56,1.44,1.5,NaN,NaN,NaN,1.18,18.2,NaN,NaN,2.37,7.84,250,0.0,NaN,NaN,NaN,NaN,0.0,90.0,NaN,NaN,NaN,0.0,NaN,NaN,NaN,NaN,NaN,NaN
36.958,-122.017,NaN,WW020112SC,HAB_SCW,2012-02-01T15:50:00Z,11.4,NaN,NaN,25,3.21,2.46,2.84,NaN,NaN,NaN,1.34,18.39,NaN,NaN,2.28,7.81,250,0.0,NaN,NaN,NaN,NaN,0.0,20.0,NaN,NaN,NaN,0.0,NaN,NaN,NaN,NaN,NaN,NaN
36.958,-122.017,NaN,WW020812SC,HAB_SCW,2012-02-08T15:50:00Z,11.1,NaN,NaN,25,3.55,3.77,3.66,NaN,NaN,NaN,1.16,12.55,NaN,NaN,1.6,5.7,250,0.0,NaN,NaN,NaN,NaN,0.0,0.0,NaN,NaN,NaN,0.0,NaN,NaN,NaN,NaN,NaN,NaN
36.958,-122.017,NaN,WW021512SC,HAB_SCW,2012-02-15T15:50:00Z,10.1,NaN,NaN,25,1.63,1.78,1.7,NaN,NaN,NaN,1.41,16.58,NaN,NaN,2.2,9.51,250,0.0,NaN,NaN,NaN,NaN,0.0,10.0,NaN,NaN,NaN,0.0,NaN,NaN,NaN,NaN,NaN,NaN
36.958,-122.017,NaN,WW022212SC,HAB_SCW,2012-02-22T16:03:00Z,10.7,NaN,NaN,25,2.93,2.95,2.94,NaN,NaN,NaN,1.49,19.37,NaN,NaN,1.79,10.0,250,0.0,NaN,NaN,NaN,NaN,0.0,0.0,NaN,NaN,NaN,0.0,NaN,NaN,NaN,NaN,NaN,NaN
36.958,-122.017,NaN,WW022912SC,HAB_SCW,2012-02-29T16:17:00Z,10.2,NaN,NaN,25,4.38,4.34,4.36,NaN,NaN,NaN,1.62,24.44,NaN,NaN,1.03,14.32,250,0.0,NaN,NaN,NaN,NaN,0.0,0.0,NaN,NaN,NaN,0.0,NaN,NaN,NaN,NaN,NaN,NaN
36.958,-122.017,NaN,WW030712SC,HAB_SCW,2012-03-07T16:20:00Z,8.8,NaN,NaN,25,3.21,3.51,3.36,NaN,NaN,NaN,2.15,31.42,NaN,NaN,2.16,18.93,250,0.0,NaN,NaN,NaN,NaN,0.0,20.0,NaN,NaN,NaN,0.0,NaN,NaN,NaN,NaN,NaN,NaN
36.958,-122.017,NaN,WW031412SC,HAB_SCW,2012-03-14T15:20:00Z,10.7,NaN,NaN,25,7.77,8.26,8.01,NaN,NaN,NaN,1.43,38.52,NaN,NaN,1.42,4.37,250,0.0,NaN,NaN,NaN,NaN,0.0,20.0,NaN,NaN,NaN,0.0,NaN,NaN,NaN,NaN,NaN,NaN
36.958,-122.017,NaN,WW032112SC,HAB_SCW,2012-03-21T15:25:00Z,11.1,NaN,NaN,25,3.0,2.72,2.86,NaN,NaN,NaN,1.55,23.84,NaN,NaN,1.93,9.42,250,0.0,NaN,NaN,NaN,NaN,0.0,200.0,NaN,NaN,NaN,0.0,NaN,NaN,NaN,NaN,NaN,NaN
36.958,-122.017,NaN,WW032812SC,HAB_SCW,2012-03-28T15:30:00Z,11.2,NaN,NaN,25,4.97,5.01,4.99,NaN,NaN,NaN,1.62,29.12,NaN,NaN,1.36,10.36,250,0.0,NaN,NaN,NaN,NaN,0.0,40.0,NaN,NaN,NaN,0.0,NaN,NaN,NaN,NaN,NaN,NaN
36.958,-122.017,NaN,WW040412SC,HAB_SCW,2012-04-04T14:28:00Z,10.5,NaN,NaN,25,6.69,6.89,6.79,NaN,NaN,NaN,1.52,22.72,NaN,NaN,2.81,12.15,250,0.0,NaN,NaN,NaN,NaN,0.0,NaN,NaN,NaN,NaN,0.0,NaN,NaN,NaN,NaN,NaN,NaN
36.958,-122.017,NaN,WW041112SC,HAB_SCW,2012-04-11T15:52:00Z,11.2,NaN,NaN,25,6.36,5.79,6.08,NaN,NaN,NaN,1.26,21.0,NaN,NaN,1.44,8.63,250,0.0,NaN,NaN,NaN,NaN,0.0,0.0,NaN,NaN,NaN,0.0,NaN,NaN,NaN,NaN,NaN,NaN
36.958,-122.017,NaN,WW041812SC,HAB_SCW,2012-04-18T15:01:00Z,11.2,NaN,NaN,25,9.94,10.64,10.29,NaN,NaN,NaN,0.82,2.96,NaN,NaN,1.11,0.76,250,0.01,NaN,NaN,NaN,NaN,0.0,50.0,NaN,NaN,NaN,1450.0,NaN,NaN,NaN,NaN,NaN,NaN
36.958,-122.017,NaN,WW042512SC,HAB_SCW,2012-04-25T15:09:00Z,12.7,NaN,NaN,25,5.94,6.48,6.21,NaN,NaN,NaN,0.89,17.17,NaN,NaN,0.99,2.34,250,0.08,NaN,NaN,NaN,NaN,0.0,80.0,NaN,NaN,NaN,10850.0,NaN,NaN,NaN,NaN,NaN,NaN
36.958,-122.017,NaN,WW050212SC,HAB_SCW,2012-05-02T14:25:00Z,11.5,NaN,NaN,25,12.18,15.33,13.75,NaN,NaN,NaN,0.82,13.57,NaN,NaN,1.63,0.58,250,0.48,NaN,NaN,NaN,NaN,0.0,70.0,NaN,NaN,NaN,59350.0,NaN,NaN,NaN,NaN,NaN,NaN
36.958,-122.017,NaN,WW050912SC,HAB_SCW,2012-05-09T14:55:00Z,12.6,NaN,NaN,25,6.09,5.91,6.0,NaN,NaN,NaN,0.23,0.48,NaN,NaN,0.95,0.0,250,0.02,NaN,NaN,NaN,NaN,0.0,0.0,NaN,NaN,NaN,24200.0,NaN,NaN,NaN,NaN,NaN,NaN
36.958,-122.017,NaN,WW051612SC,HAB_SCW,2012-05-16T14:32:00Z,12.9,NaN,NaN,25,2.81,2.53,2.67,NaN,NaN,NaN,0.46,9.47,NaN,NaN,0.21,0.26,250,0.23,NaN,NaN,NaN,NaN,0.0,60.0,NaN,NaN,NaN,13500.0,NaN,NaN,NaN,NaN,NaN,NaN
36.958,-122.017,NaN,WW052312SC,HAB_SCW,2012-05-23T14:36:00Z,13.1,NaN,NaN,25,13.16,17.43,15.3,NaN,NaN,NaN,0.69,0.97,NaN,NaN,0.03,0.84,250,0.17,NaN,NaN,NaN,NaN,0.0,20.0,NaN,NaN,NaN,124450.0,NaN,NaN,NaN,NaN,NaN,NaN
36.958,-122.017,NaN,WW053012SC,HAB_SCW,2012-05-30T14:58:00Z,11.9,NaN,NaN,25,4.68,4.55,4.62,NaN,NaN,NaN,3.21,34.67,NaN,NaN,1.05,22.86,250,0.36,NaN,NaN,NaN,NaN,0.0,30.0,NaN,NaN,NaN,52800.0,NaN,NaN,NaN,NaN,NaN,NaN
36.958,-122.017,NaN,WW060612SC,HAB_SCW,2012-06-06T14:00:00Z,9.4,NaN,NaN,25,6.77,6.8,6.78,NaN,NaN,NaN,1.1,9.78,NaN,NaN,5.97,3.36,250,0.16,NaN,NaN,NaN,NaN,0.0,NaN,NaN,NaN,NaN,27800.0,NaN,NaN,NaN,NaN,NaN,NaN
36.958,-122.017,NaN,WW061312SC,HAB_SCW,2012-06-13T14:58:00Z,14.1,NaN,NaN,25,7.2,7.23,7.21,NaN,NaN,NaN,0.13,2.7,NaN,NaN,0.07,0.0,250,0.06,NaN,NaN,NaN,NaN,0.0,70.0,NaN,NaN,NaN,2000.0,NaN,NaN,NaN,NaN,NaN,NaN
36.958,-122.017,NaN,WW062012SC,HAB_SCW,2012-06-20T15:19:00Z,12.9,NaN,NaN,25,3.35,3.14,3.24,NaN,NaN,NaN,0.5,10.1,NaN,NaN,0.2,0.96,250,0.0,NaN,NaN,NaN,NaN,0.0,310.0,NaN,NaN,NaN,0.0,NaN,NaN,NaN,NaN,NaN,NaN
36.958,-122.017,NaN,WW062712SC,HAB_SCW,2012-06-27T14:30:00Z,14.7,NaN,NaN,25,3.39,3.16,3.28,NaN,NaN,NaN,0.56,4.21,NaN,NaN,1.58,1.59,250,0.02,NaN,NaN,NaN,NaN,0.0,720.0,NaN,NaN,NaN,0.0,NaN,NaN,NaN,NaN,NaN,NaN
36.958,-122.017,NaN,WW070312SC,HAB_SCW,2012-07-03T15:00:00Z,15.8,NaN,NaN,25,13.5,11.26,12.38,NaN,NaN,NaN,0.51,4.57,NaN,NaN,0.46,1.18,250,0.02,NaN,NaN,NaN,NaN,0.0,460.0,NaN,NaN,NaN,800.0,NaN,NaN,NaN,NaN,NaN,NaN
36.958,-122.017,NaN,WW071112SC,HAB_SCW,2012-07-11T16:00:00Z,14.8,NaN,NaN,25,5.29,4.98,5.13,NaN,NaN,NaN,0.44,6.18,NaN,NaN,0.73,0.45,250,0.04,NaN,NaN,NaN,NaN,0.0,360.0,NaN,NaN,NaN,350.0,NaN,NaN,NaN,NaN,NaN,NaN
36.958,-122.017,NaN,WW071812SC,HAB_SCW,2012-07-18T15:05:00Z,14.2,NaN,NaN,25,4.08,4.32,4.2,NaN,NaN,NaN,0.51,9.19,NaN,NaN,0.91,0.38,250,0.0,NaN,NaN,NaN,NaN,0.0,860.0,NaN,NaN,NaN,0.0,NaN,NaN,NaN,NaN,NaN,NaN
36.958,-122.017,NaN,WW072612SC,HAB_SCW,2012-07-26T15:30:00Z,13.8,NaN,NaN,25,6.11,6.53,6.32,NaN,NaN,NaN,1.09,9.92,NaN,NaN,2.03,2.6,250,0.01,NaN,NaN,NaN,NaN,0.0,850.0,NaN,NaN,NaN,0.0,NaN,NaN,NaN,NaN,NaN,NaN
36.958,-122.017,NaN,WW080112SC,HAB_SCW,2012-08-01T16:00:00Z,15.4,NaN,NaN,25,4.66,4.64,4.65,NaN,NaN,NaN,0.47,4.6,NaN,NaN,0.76,0.62,250,0.51,NaN,NaN,NaN,NaN,0.0,4340.0,NaN,NaN,NaN,206700.0,NaN,NaN,NaN,NaN,NaN,NaN
36.958,-122.017,NaN,WW080812SC,HAB_SCW,2012-08-08T15:00:00Z,15.7,NaN,NaN,25,2.54,2.42,2.48,NaN,NaN,NaN,1.17,8.41,NaN,NaN,3.1,1.13,250,1.69,NaN,NaN,NaN,NaN,0.0,490.0,NaN,NaN,NaN,36450.0,NaN,NaN,NaN,NaN,NaN,NaN
36.958,-122.017,NaN,WW081512SC,HAB_SCW,2012-08-15T15:00:00Z,14.2,NaN,NaN,25,8.19,8.68,8.44,NaN,NaN,NaN,0.55,8.29,NaN,NaN,0.7,0.7,250,9.36,NaN,NaN,NaN,NaN,0.0,2360.0,NaN,NaN,NaN,275300.0,NaN,NaN,NaN,NaN,NaN,NaN
36.958,-122.017,NaN,WW082212SC,HAB_SCW,2012-08-22T15:30:00Z,15.5,NaN,NaN,25,2.72,2.49,2.6,NaN,NaN,NaN,0.53,3.03,NaN,NaN,1.04,0.19,250,2.77,NaN,NaN,NaN,NaN,0.0,490.0,NaN,NaN,NaN,127500.0,NaN,NaN,NaN,NaN,NaN,NaN
36.958,-122.017,NaN,WW082912SC,HAB_SCW,2012-08-29T15:30:00Z,14.9,NaN,NaN,25,4.87,4.38,4.62,NaN,NaN,NaN,0.43,3.31,NaN,NaN,0.37,1.2,250,0.01,NaN,NaN,NaN,NaN,0.0,1200.0,NaN,NaN,NaN,750.0,NaN,NaN,NaN,NaN,NaN,NaN
36.958,-122.017,NaN,WW090512SC,HAB_SCW,2012-09-05T15:00:00Z,14.5,NaN,NaN,25,4.08,3.68,3.88,NaN,NaN,NaN,0.54,4.13,NaN,NaN,0.71,0.79,250,0.0,NaN,NaN,NaN,NaN,0.0,NaN,NaN,NaN,NaN,0.0,NaN,NaN,NaN,NaN,NaN,NaN
36.958,-122.017,NaN,WW091212SC,HAB_SCW,2012-09-12T15:30:00Z,14.9,NaN,NaN,25,9.18,10.16,9.67,NaN,NaN,NaN,0.65,6.03,NaN,NaN,0.8,0.7,250,0.0,NaN,NaN,NaN,NaN,0.0,NaN,NaN,NaN,NaN,0.0,NaN,NaN,NaN,NaN,NaN,NaN
36.958,-122.017,NaN,WW091912SC,HAB_SCW,2012-09-19T15:30:00Z,14.4,NaN,NaN,25,8.82,8.68,8.75,NaN,NaN,NaN,0.69,6.59,NaN,NaN,1.22,0.15,250,0.06,NaN,NaN,NaN,NaN,0.0,1690.0,NaN,NaN,NaN,31250.0,NaN,NaN,NaN,NaN,NaN,NaN
36.958,-122.017,NaN,WW092612SC,HAB_SCW,2012-09-26T15:30:00Z,14.7,NaN,NaN,25,7.14,7.63,7.38,NaN,NaN,NaN,1.0,13.1,NaN,NaN,2.56,0.48,250,0.01,NaN,NaN,NaN,NaN,0.0,2400.0,NaN,NaN,NaN,0.0,NaN,NaN,NaN,NaN,NaN,NaN
36.958,-122.017,NaN,WW100312SC,HAB_SCW,2012-10-03T16:00:00Z,15.7,NaN,NaN,25,6.23,6.61,6.42,NaN,NaN,NaN,0.92,13.66,NaN,NaN,2.08,0.24,250,0.0,NaN,NaN,NaN,NaN,40.0,NaN,NaN,NaN,NaN,0.0,NaN,NaN,NaN,NaN,NaN,NaN
36.958,-122.017,NaN,WW101012SC,HAB_SCW,2012-10-10T15:30:00Z,15.0,NaN,NaN,25,11.69,11.62,11.66,NaN,NaN,NaN,0.73,15.01,NaN,NaN,0.76,0.0,250,0.06,NaN,NaN,NaN,NaN,0.0,NaN,NaN,NaN,NaN,0.0,NaN,NaN,NaN,NaN,NaN,NaN
36.958,-122.017,NaN,WW101712SC,HAB_SCW,2012-10-17T15:00:00Z,15.6,NaN,NaN,25,2.28,2.86,2.57,NaN,NaN,NaN,1.19,13.78,NaN,NaN,4.12,0.82,250,0.0,NaN,NaN,NaN,NaN,0.0,NaN,NaN,NaN,NaN,0.0,NaN,NaN,NaN,NaN,NaN,NaN
36.958,-122.017,NaN,WW102412SC,HAB_SCW,2012-10-24T15:30:00Z,14.2,NaN,NaN,25,3.06,3.17,3.12,NaN,NaN,NaN,1.31,19.38,NaN,NaN,4.3,0.25,250,0.03,NaN,NaN,NaN,NaN,0.0,0.0,NaN,NaN,NaN,0.0,NaN,NaN,NaN,NaN,NaN,NaN
36.958,-122.017,NaN,WW103112SC,HAB_SCW,2012-10-31T15:30:00Z,14.5,NaN,NaN,25,3.3,3.49,3.39,NaN,NaN,NaN,1.2,22.96,NaN,NaN,2.31,0.47,250,0.11,NaN,NaN,NaN,NaN,0.0,0.0,NaN,NaN,NaN,14950.0,NaN,NaN,NaN,NaN,NaN,NaN
36.958,-122.017,NaN,WW110712SC,HAB_SCW,2012-11-07T16:30:00Z,14.5,NaN,NaN,25,3.64,4.05,3.84,NaN,NaN,NaN,1.4,14.7,NaN,NaN,3.1,2.26,250,0.02,NaN,NaN,NaN,NaN,0.0,NaN,NaN,NaN,NaN,0.0,NaN,NaN,NaN,NaN,NaN,NaN
36.958,-122.017,NaN,WW111412SC,HAB_SCW,2012-11-14T16:30:00Z,12.6,NaN,NaN,25,30.03,30.66,30.35,NaN,NaN,NaN,0.82,17.68,NaN,NaN,0.24,0.0,250,0.02,NaN,NaN,NaN,NaN,0.0,NaN,NaN,NaN,NaN,1350.0,NaN,NaN,NaN,NaN,NaN,NaN
36.958,-122.017,NaN,WW112112SC,HAB_SCW,2012-11-21T16:30:00Z,14.1,NaN,NaN,25,6.96,6.18,6.57,NaN,NaN,NaN,1.22,10.44,NaN,NaN,3.76,0.78,250,0.06,NaN,NaN,NaN,NaN,0.0,1000.0,NaN,NaN,NaN,3850.0,NaN,NaN,NaN,NaN,NaN,NaN
36.958,-122.017,NaN,WW112812SC,HAB_SCW,2012-11-28T16:15:00Z,13.7,NaN,NaN,25,16.59,16.87,16.73,NaN,NaN,NaN,1.39,12.4,NaN,NaN,2.09,0.21,250,0.0,NaN,NaN,NaN,NaN,0.0,900.0,NaN,NaN,NaN,0.0,NaN,NaN,NaN,NaN,NaN,NaN
36.958,-122.017,NaN,WW120512SC,HAB_SCW,2012-12-05T16:15:00Z,14.3,NaN,NaN,25,6.21,5.1,5.66,NaN,NaN,NaN,1.59,30.05,NaN,NaN,3.0,6.41,250,0.0,NaN,NaN,NaN,NaN,0.0,50.0,NaN,NaN,NaN,0.0,NaN,NaN,NaN,NaN,NaN,NaN
36.958,-122.017,NaN,WW121212SC,HAB_SCW,2012-12-12T16:30:00Z,13.4,NaN,NaN,25,2.25,2.17,2.21,NaN,NaN,NaN,1.79,12.08,NaN,NaN,4.71,3.59,250,0.0,NaN,NaN,NaN,NaN,0.0,10.0,NaN,NaN,NaN,0.0,NaN,NaN,NaN,NaN,NaN,NaN
36.958,-122.017,NaN,WW121912SC,HAB_SCW,2012-12-19T16:45:00Z,11.2,NaN,NaN,25,2.35,2.49,2.42,NaN,NaN,NaN,2.03,15.9,NaN,NaN,4.12,6.7,250,0.0,NaN,NaN,NaN,NaN,0.0,0.0,NaN,NaN,NaN,0.0,NaN,NaN,NaN,NaN,NaN,NaN
36.958,-122.017,NaN,WW010913SC,HAB_SCW,2013-01-09T16:15:00Z,11.1,NaN,NaN,25,2.67,2.46,2.56,NaN,NaN,NaN,1.57,18.15,NaN,NaN,1.55,9.12,250,0.0,NaN,NaN,NaN,NaN,0.0,0.0,NaN,NaN,NaN,0.0,NaN,NaN,NaN,NaN,NaN,NaN
36.958,-122.017,NaN,WW011613SC,HAB_SCW,2013-01-16T16:00:00Z,9.2,NaN,NaN,25,12.88,11.97,12.43,NaN,NaN,NaN,1.52,14.15,NaN,NaN,1.69,9.64,250,0.0,NaN,NaN,NaN,NaN,0.0,20.0,NaN,NaN,NaN,0.0,NaN,NaN,NaN,NaN,NaN,NaN
36.958,-122.017,NaN,WW012313SC,HAB_SCW,2013-01-23T16:15:00Z,10.5,NaN,NaN,25,3.45,3.07,3.26,NaN,NaN,NaN,1.01,3.7,NaN,NaN,2.06,1.59,250,0.0,NaN,NaN,NaN,NaN,150.0,40.0,NaN,NaN,NaN,0.0,NaN,NaN,NaN,NaN,NaN,NaN
36.958,-122.017,NaN,WW013013SC,HAB_SCW,2013-01-30T16:00:00Z,10.5,NaN,NaN,25,1.2,1.2,1.2,NaN,NaN,NaN,1.66,10.5,NaN,NaN,4.35,7.42,250,0.0,NaN,NaN,NaN,NaN,120.0,20.0,NaN,NaN,NaN,0.0,NaN,NaN,NaN,NaN,NaN,NaN
36.958,-122.017,NaN,WW020613SC,HAB_SCW,2013-02-06T16:15:00Z,10.7,NaN,NaN,25,3.4,3.54,3.47,NaN,NaN,NaN,1.46,9.68,NaN,NaN,2.81,7.63,250,0.0,NaN,NaN,NaN,NaN,480.0,70.0,NaN,NaN,NaN,0.0,NaN,NaN,NaN,NaN,NaN,NaN
36.958,-122.017,NaN,WW021313SC,HAB_SCW,2013-02-13T16:30:00Z,10.7,NaN,NaN,25,6.52,6.01,6.27,NaN,NaN,NaN,1.57,10.65,NaN,NaN,2.56,6.83,250,0.0,NaN,NaN,NaN,NaN,0.0,0.0,NaN,NaN,NaN,0.0,NaN,NaN,NaN,NaN,NaN,NaN
36.958,-122.017,NaN,WW022013SC,HAB_SCW,2013-02-20T17:30:00Z,10.7,NaN,NaN,25,7.07,6.63,6.85,NaN,NaN,NaN,1.72,7.79,NaN,NaN,3.45,3.5,250,0.0,NaN,NaN,NaN,NaN,0.0,10.0,NaN,NaN,NaN,750.0,NaN,NaN,NaN,NaN,NaN,NaN
36.958,-122.017,NaN,WW022713SC,HAB_SCW,2013-02-27T16:30:00Z,10.9,NaN,NaN,25,9.17,9.94,9.56,NaN,NaN,NaN,0.89,4.17,NaN,NaN,1.21,0.41,250,0.0,NaN,NaN,NaN,NaN,240.0,60.0,NaN,NaN,NaN,200.0,NaN,NaN,NaN,NaN,NaN,NaN
36.958,-122.017,NaN,WW030613SC,HAB_SCW,2013-03-06T16:30:00Z,11.0,NaN,NaN,25,14.28,13.72,14.0,NaN,NaN,NaN,0.97,4.21,NaN,NaN,1.02,0.91,250,0.0,NaN,NaN,NaN,NaN,0.0,20.0,NaN,NaN,NaN,1000.0,NaN,NaN,NaN,NaN,NaN,NaN
36.958,-122.017,NaN,WW031313SC,HAB_SCW,2013-03-13T16:00:00Z,11.9,NaN,NaN,25,2.7,2.94,2.82,NaN,NaN,NaN,0.8,9.66,NaN,NaN,0.88,0.09,250,0.0,NaN,NaN,NaN,NaN,0.0,280.0,NaN,NaN,NaN,400.0,NaN,NaN,NaN,NaN,NaN,NaN
36.958,-122.017,NaN,WW032013SC,HAB_SCW,2013-03-20T15:30:00Z,11.8,NaN,NaN,25,6.24,6.3,6.27,NaN,NaN,NaN,1.19,5.21,NaN,NaN,2.04,1.39,250,0.0,NaN,NaN,NaN,NaN,270.0,NaN,NaN,NaN,NaN,200.0,NaN,NaN,NaN,NaN,NaN,NaN
36.958,-122.017,NaN,WW032713SC,HAB_SCW,2013-03-27T15:30:00Z,11.8,NaN,NaN,25,7.0,7.28,7.14,NaN,NaN,NaN,0.62,4.53,NaN,NaN,0.76,0.35,250,0.0,NaN,NaN,NaN,NaN,70.0,160.0,NaN,NaN,NaN,0.0,NaN,NaN,NaN,NaN,NaN,NaN
36.958,-122.017,NaN,WW040313SC,HAB_SCW,2013-04-03T16:00:00Z,12.7,NaN,NaN,25,5.8,5.8,5.8,NaN,NaN,NaN,0.92,11.31,NaN,NaN,1.85,0.86,250,0.0,NaN,NaN,NaN,NaN,0.0,NaN,NaN,NaN,NaN,0.0,NaN,NaN,NaN,NaN,NaN,NaN
36.958,-122.017,NaN,WW041013SC,HAB_SCW,2013-04-10T16:00:00Z,11.3,NaN,NaN,25,3.21,2.74,2.98,NaN,NaN,NaN,2.14,29.12,NaN,NaN,3.14,12.8,250,0.0,NaN,NaN,NaN,NaN,0.0,NaN,NaN,NaN,NaN,0.0,NaN,NaN,NaN,NaN,NaN,NaN
36.958,-122.017,NaN,WW041713SC,HAB_SCW,2013-04-17T15:30:00Z,9.9,NaN,NaN,25,16.17,14.7,15.44,NaN,NaN,NaN,1.78,26.52,NaN,NaN,1.37,14.5,250,0.0,NaN,NaN,NaN,NaN,0.0,NaN,NaN,NaN,NaN,2350.0,NaN,NaN,NaN,NaN,NaN,NaN
36.958,-122.017,NaN,WW042413SC,HAB_SCW,2013-04-24T15:30:00Z,12.3,NaN,NaN,25,10.08,9.03,9.56,NaN,NaN,NaN,0.52,2.39,NaN,NaN,0.93,1.03,250,0.0,NaN,NaN,NaN,NaN,0.0,NaN,NaN,NaN,NaN,0.0,NaN,NaN,NaN,NaN,NaN,NaN
36.958,-122.017,NaN,WW050113SC,HAB_SCW,2013-05-01T15:15:00Z,13.0,NaN,NaN,25,16.8,15.47,16.14,NaN,NaN,NaN,0.39,1.8,NaN,NaN,0.92,0.87,250,0.01,NaN,NaN,NaN,NaN,0.0,NaN,NaN,NaN,NaN,350.0,NaN,NaN,NaN,NaN,NaN,NaN
36.958,-122.017,NaN,WW050813SC,HAB_SCW,2013-05-08T17:30:00Z,13.2,NaN,NaN,25,13.93,14.28,14.11,NaN,NaN,NaN,0.79,8.94,NaN,NaN,1.4,6.2,250,0.0,NaN,NaN,NaN,NaN,0.0,90.0,NaN,NaN,NaN,2100.0,NaN,NaN,NaN,NaN,NaN,NaN
36.958,-122.017,NaN,WW051513SC,HAB_SCW,2013-05-15T15:30:00Z,14.9,NaN,NaN,25,6.24,6.15,6.2,NaN,NaN,NaN,0.31,2.94,NaN,NaN,0.56,0.3,250,0.0,NaN,NaN,NaN,NaN,40.0,1790.0,NaN,NaN,NaN,0.0,NaN,NaN,NaN,NaN,NaN,NaN
36.958,-122.017,NaN,WW052213SC,HAB_SCW,2013-05-22T16:30:00Z,11.3,NaN,NaN,25,10.43,10.71,10.57,NaN,NaN,NaN,1.39,24.26,NaN,NaN,4.03,16.89,250,0.0,NaN,NaN,NaN,NaN,0.0,0.0,NaN,NaN,NaN,1050.0,NaN,NaN,NaN,NaN,NaN,NaN
36.958,-122.017,NaN,WW052913SC,HAB_SCW,2013-05-29T15:30:00Z,13.8,NaN,NaN,25,15.89,16.94,16.42,NaN,NaN,NaN,0.27,1.11,NaN,NaN,0.29,0.16,250,0.0,NaN,NaN,NaN,NaN,0.0,NaN,NaN,NaN,NaN,0.0,NaN,NaN,NaN,NaN,NaN,NaN
36.958,-122.017,NaN,WW060513SC,HAB_SCW,2013-06-05T15:30:00Z,12.1,NaN,NaN,25,15.75,14.84,15.3,NaN,NaN,NaN,1.27,14.91,NaN,NaN,5.77,7.45,250,0.0,NaN,NaN,NaN,NaN,0.0,NaN,NaN,NaN,NaN,400.0,NaN,NaN,NaN,NaN,NaN,NaN
36.958,-122.017,NaN,WW061213SC,HAB_SCW,2013-06-12T15:00:00Z,13.3,NaN,NaN,25,6.62,7.14,6.88,NaN,NaN,NaN,1.02,9.63,NaN,NaN,5.12,3.31,250,0.0,NaN,NaN,NaN,NaN,0.0,534.0,NaN,NaN,NaN,0.0,NaN,NaN,NaN,NaN,NaN,NaN
36.958,-122.017,NaN,WW062613SC,HAB_SCW,2013-06-26T15:30:00Z,15.1,NaN,NaN,25,6.27,6.24,6.25,NaN,NaN,NaN,0.99,9.35,NaN,NaN,8.57,3.75,250,0.0,NaN,NaN,NaN,NaN,0.0,NaN,NaN,NaN,NaN,0.0,NaN,NaN,NaN,NaN,NaN,NaN
36.958,-122.017,NaN,WW070313SC,HAB_SCW,2013-07-03T15:30:00Z,15.5,NaN,NaN,25,4.17,5.17,4.67,NaN,NaN,NaN,0.3,0.33,NaN,NaN,0.28,1.04,250,0.02,NaN,NaN,NaN,NaN,0.0,2110.0,NaN,NaN,NaN,350.0,NaN,NaN,NaN,NaN,NaN,NaN
36.958,-122.017,NaN,WW071013SC,HAB_SCW,2013-07-10T15:30:00Z,15.5,NaN,NaN,25,2.93,3.58,3.26,NaN,NaN,NaN,0.27,0.96,NaN,NaN,0.29,0.49,250,0.0,NaN,NaN,NaN,NaN,0.0,1210.0,NaN,NaN,NaN,0.0,NaN,NaN,NaN,NaN,NaN,NaN
36.958,-122.017,NaN,WW071713SC,HAB_SCW,2013-07-17T20:00:00Z,15.5,NaN,NaN,25,2.89,2.77,2.83,NaN,NaN,NaN,0.19,1.39,NaN,NaN,0.5,0.29,250,0.0,NaN,NaN,NaN,NaN,0.0,NaN,NaN,NaN,NaN,0.0,NaN,NaN,NaN,NaN,NaN,NaN
36.958,-122.017,NaN,WW072413SC,HAB_SCW,2013-07-24T15:30:00Z,15.1,NaN,NaN,25,10.22,10.01,10.12,NaN,NaN,NaN,0.61,15.65,NaN,NaN,2.63,4.77,250,0.0,NaN,NaN,NaN,NaN,0.0,740.0,NaN,NaN,NaN,0.0,NaN,NaN,NaN,NaN,NaN,NaN
36.958,-122.017,NaN,WW073113SC,HAB_SCW,2013-07-31T15:15:00Z,14.1,NaN,NaN,25,13.23,12.95,13.09,NaN,NaN,NaN,0.62,28.81,NaN,NaN,2.16,3.95,250,0.0,NaN,NaN,NaN,NaN,0.0,560.0,NaN,NaN,NaN,0.0,NaN,NaN,NaN,NaN,NaN,NaN
36.958,-122.017,NaN,WW080713SC,HAB_SCW,2013-08-07T14:30:00Z,14.0,NaN,NaN,25,4.94,5.12,5.03,NaN,NaN,NaN,1.13,16.3,NaN,NaN,4.85,5.76,250,0.0,NaN,NaN,NaN,NaN,0.0,60.0,NaN,NaN,NaN,0.0,NaN,NaN,NaN,NaN,NaN,NaN
36.958,-122.017,NaN,WW081413SC,HAB_SCW,2013-08-14T15:30:00Z,15.5,NaN,NaN,25,3.96,3.86,3.91,NaN,NaN,NaN,0.54,2.59,NaN,NaN,1.71,1.31,250,0.0,NaN,NaN,NaN,NaN,0.0,NaN,NaN,NaN,NaN,0.0,NaN,NaN,NaN,NaN,NaN,NaN
36.958,-122.017,NaN,WW082113SC,HAB_SCW,2013-08-21T15:15:00Z,14.8,NaN,NaN,25,19.04,18.41,18.73,NaN,NaN,NaN,0.32,1.29,NaN,NaN,0.28,0.44,250,0.0,NaN,NaN,NaN,NaN,0.0,NaN,NaN,NaN,NaN,0.0,NaN,NaN,NaN,NaN,NaN,NaN
36.958,-122.017,NaN,WW082813SC,HAB_SCW,2013-08-28T15:30:00Z,16.2,NaN,NaN,25,1.88,1.72,1.8,NaN,NaN,NaN,0.43,1.28,NaN,NaN,0.71,0.51,250,0.0,NaN,NaN,NaN,NaN,0.0,40.0,NaN,NaN,NaN,0.0,NaN,NaN,NaN,NaN,NaN,NaN
36.958,-122.017,NaN,WW090413SC,HAB_SCW,2013-09-04T15:30:00Z,17.6,NaN,NaN,25,5.73,5.72,5.73,NaN,NaN,NaN,0.47,3.37,NaN,NaN,7.09,0.74,250,0.0,NaN,NaN,NaN,NaN,0.0,0.0,NaN,NaN,NaN,0.0,NaN,NaN,NaN,NaN,NaN,NaN
36.958,-122.017,NaN,WW091113SC,HAB_SCW,2013-09-11T16:00:00Z,15.4,NaN,NaN,25,19.81,20.09,19.95,NaN,NaN,NaN,1.07,9.37,NaN,NaN,8.48,5.09,250,0.0,NaN,NaN,NaN,NaN,2080.0,NaN,NaN,NaN,NaN,0.0,NaN,NaN,NaN,NaN,NaN,NaN
36.958,-122.017,NaN,WW091813SC,HAB_SCW,2013-09-18T15:30:00Z,14.9,NaN,NaN,25,9.45,9.73,9.59,NaN,NaN,NaN,0.66,8.39,NaN,NaN,2.77,5.36,250,0.0,NaN,NaN,NaN,NaN,180.0,NaN,NaN,NaN,NaN,0.0,NaN,NaN,NaN,NaN,NaN,NaN
36.958,-122.017,NaN,WW092513SC,HAB_SCW,2013-09-25T16:00:00Z,14.6,NaN,NaN,25,5.32,4.99,5.15,NaN,NaN,NaN,1.19,26.02,NaN,NaN,4.23,9.82,250,0.0,NaN,NaN,NaN,NaN,100.0,60.0,NaN,NaN,NaN,0.0,NaN,NaN,NaN,NaN,NaN,NaN
36.958,-122.017,NaN,WW100213SC,HAB_SCW,2013-10-02T15:45:00Z,13.8,NaN,NaN,25,7.66,7.73,7.69,NaN,NaN,NaN,0.96,22.36,NaN,NaN,2.08,8.04,250,0.0,NaN,NaN,NaN,NaN,2100.0,NaN,NaN,NaN,NaN,0.0,NaN,NaN,NaN,NaN,NaN,NaN
36.958,-122.017,NaN,WW100913SC,HAB_SCW,2013-10-09T15:45:00Z,13.8,NaN,NaN,25,49.86,46.03,47.95,NaN,NaN,NaN,0.57,24.61,NaN,NaN,0.31,0.94,250,0.0,NaN,NaN,NaN,NaN,3713.0,NaN,NaN,NaN,NaN,0.0,NaN,NaN,NaN,NaN,NaN,NaN
36.958,-122.017,NaN,WW101613SC,HAB_SCW,2013-10-16T16:15:00Z,13.2,NaN,NaN,25,2.84,2.8,2.82,NaN,NaN,NaN,2.28,23.91,NaN,NaN,11.38,5.61,250,0.0,NaN,NaN,NaN,NaN,10.0,NaN,NaN,NaN,NaN,0.0,NaN,NaN,NaN,NaN,NaN,NaN
36.958,-122.017,NaN,WW102313SC,HAB_SCW,2013-10-23T15:45:00Z,12.8,NaN,NaN,25,7.59,7.66,7.63,NaN,NaN,NaN,1.89,20.76,NaN,NaN,9.87,6.09,250,0.0,NaN,NaN,NaN,NaN,0.0,180.0,NaN,NaN,NaN,0.0,NaN,NaN,NaN,NaN,NaN,NaN
36.958,-122.017,NaN,WW102913SC,HAB_SCW,2013-10-29T15:15:00Z,12.1,NaN,NaN,25,1.35,1.33,1.34,NaN,NaN,NaN,1.64,13.67,NaN,NaN,10.36,12.21,250,0.0,NaN,NaN,NaN,NaN,0.0,NaN,NaN,NaN,NaN,0.0,NaN,NaN,NaN,NaN,NaN,NaN
36.958,-122.017,NaN,WW110613SC,HAB_SCW,2013-11-06T16:00:00Z,12.4,NaN,NaN,25,2.47,2.35,2.41,NaN,NaN,NaN,1.96,26.44,NaN,NaN,8.54,8.66,250,0.0,NaN,NaN,NaN,NaN,20.0,0.0,NaN,NaN,NaN,0.0,NaN,NaN,NaN,NaN,NaN,NaN
36.958,-122.017,NaN,WW111313SC,HAB_SCW,2013-11-13T16:15:00Z,12.9,NaN,NaN,25,4.74,4.5,4.62,NaN,NaN,NaN,1.48,19.4,NaN,NaN,6.29,7.21,250,0.0,NaN,NaN,NaN,NaN,1520.0,300.0,NaN,NaN,NaN,0.0,NaN,NaN,NaN,NaN,NaN,NaN
36.958,-122.017,NaN,WW112713SC,HAB_SCW,2013-11-27T16:20:00Z,11.5,NaN,NaN,25,1.49,1.47,1.48,NaN,NaN,NaN,1.79,18.46,NaN,NaN,10.59,7.93,250,0.0,NaN,NaN,NaN,NaN,690.0,110.0,NaN,NaN,NaN,0.0,NaN,NaN,NaN,NaN,NaN,NaN
36.958,-122.017,NaN,WW120413SC,HAB_SCW,2013-12-04T16:15:00Z,11.4,NaN,NaN,25,1.83,1.96,1.9,NaN,NaN,NaN,1.54,18.04,NaN,NaN,9.12,7.91,250,0.0,NaN,NaN,NaN,NaN,1820.0,1100.0,NaN,NaN,NaN,0.0,NaN,NaN,NaN,NaN,NaN,NaN
36.958,-122.017,NaN,WW121113SC,HAB_SCW,2013-12-11T17:25:00Z,11.1,NaN,NaN,25,0.88,0.9,0.89,NaN,NaN,NaN,1.55,18.69,NaN,NaN,5.6,12.57,250,0.0,NaN,NaN,NaN,NaN,30.0,20.0,NaN,NaN,NaN,0.0,NaN,NaN,NaN,NaN,NaN,NaN
36.958,-122.017,NaN,WW121813SC,HAB_SCW,2013-12-18T17:00:00Z,10.7,NaN,NaN,25,2.56,2.77,2.66,NaN,NaN,NaN,1.41,19.51,NaN,NaN,3.52,12.24,250,0.0,NaN,NaN,NaN,NaN,30.0,180.0,NaN,NaN,NaN,0.0,NaN,NaN,NaN,NaN,NaN,NaN
36.958,-122.017,NaN,WW010814SC,HAB_SCW,2014-01-08T16:45:00Z,11.4,NaN,NaN,25,1.95,1.85,1.9,NaN,NaN,NaN,1.44,15.73,NaN,NaN,5.56,8.85,250,0.0,NaN,NaN,NaN,NaN,0.0,0.0,NaN,NaN,NaN,0.0,NaN,NaN,NaN,NaN,NaN,NaN
36.958,-122.017,NaN,WW011514SC,HAB_SCW,2014-01-15T16:20:00Z,11.4,NaN,NaN,25,1.76,1.58,1.67,NaN,NaN,NaN,1.11,13.84,NaN,NaN,4.26,7.58,250,0.0,NaN,NaN,NaN,NaN,0.0,50.0,NaN,NaN,NaN,0.0,NaN,NaN,NaN,NaN,NaN,NaN
36.958,-122.017,NaN,WW012214SC,HAB_SCW,2014-01-22T15:50:00Z,10.5,NaN,NaN,25,1.79,1.95,1.87,NaN,NaN,NaN,1.3,15.35,NaN,NaN,4.82,6.96,250,0.0,NaN,NaN,NaN,NaN,0.0,NaN,NaN,NaN,NaN,0.0,NaN,NaN,NaN,NaN,NaN,NaN
36.958,-122.017,NaN,WW012914SC,HAB_SCW,2014-01-29T16:25:00Z,13.2,NaN,NaN,25,0.91,1.31,1.11,NaN,NaN,NaN,1.15,12.56,NaN,NaN,6.05,6.2,250,0.0,NaN,NaN,NaN,NaN,0.0,NaN,NaN,NaN,NaN,0.0,NaN,NaN,NaN,NaN,NaN,NaN
36.958,-122.017,NaN,WW020514SC,HAB_SCW,2014-02-05T16:00:00Z,10.6,NaN,NaN,25,1.56,1.41,1.48,NaN,NaN,NaN,1.31,16.25,NaN,NaN,9.38,5.24,250,0.0,NaN,NaN,NaN,NaN,0.0,90.0,NaN,NaN,NaN,0.0,NaN,NaN,NaN,NaN,NaN,NaN
36.958,-122.017,NaN,WW021214SC,HAB_SCW,2014-02-12T15:45:00Z,11.9,NaN,NaN,25,1.33,1.24,1.29,NaN,NaN,NaN,1.03,15.21,NaN,NaN,6.1,5.59,250,0.0,NaN,NaN,NaN,NaN,0.0,0.0,NaN,NaN,NaN,0.0,NaN,NaN,NaN,NaN,NaN,NaN
36.958,-122.017,NaN,WW021914SC,HAB_SCW,2014-02-19T15:35:00Z,12.5,NaN,NaN,25,3.8,3.53,3.66,NaN,NaN,NaN,1.02,13.17,NaN,NaN,5.2,5.06,250,0.1,NaN,NaN,NaN,NaN,0.0,0.0,NaN,NaN,NaN,0.0,NaN,NaN,NaN,NaN,NaN,NaN
36.958,-122.017,NaN,WW022614SC,HAB_SCW,2014-02-26T15:40:00Z,12.4,NaN,NaN,25,2.16,1.98,2.07,NaN,NaN,NaN,0.97,9.97,NaN,NaN,4.11,4.03,250,0.0,NaN,NaN,NaN,NaN,0.0,NaN,NaN,NaN,NaN,0.0,NaN,NaN,NaN,NaN,NaN,NaN
36.958,-122.017,NaN,WW030614SC,HAB_SCW,2014-03-06T15:30:00Z,12.2,NaN,NaN,25,2.21,2.34,2.27,NaN,NaN,NaN,1.05,16.77,NaN,NaN,5.88,7.32,250,0.0,NaN,NaN,NaN,NaN,0.0,NaN,NaN,NaN,NaN,550.0,NaN,NaN,NaN,NaN,NaN,NaN
36.958,-122.017,NaN,WW031214SC,HAB_SCW,2014-03-12T14:40:00Z,12.4,NaN,NaN,25,2.71,2.95,2.83,NaN,NaN,NaN,0.55,8.84,NaN,NaN,4.52,2.87,250,0.09,NaN,NaN,NaN,NaN,0.0,510.0,NaN,NaN,NaN,14500.0,NaN,NaN,NaN,NaN,NaN,NaN
36.958,-122.017,NaN,WW031914SC,HAB_SCW,2014-03-19T15:10:00Z,12.1,NaN,NaN,25,3.02,3.0,3.01,NaN,NaN,NaN,0.54,10.55,NaN,NaN,2.49,2.35,250,0.14,NaN,NaN,NaN,NaN,0.0,820.0,NaN,NaN,NaN,7300.0,NaN,NaN,NaN,NaN,NaN,NaN
36.958,-122.017,NaN,WW032614SC,HAB_SCW,2014-03-26T15:00:00Z,12.7,NaN,NaN,25,5.69,5.52,5.6,NaN,NaN,NaN,0.73,11.06,NaN,NaN,4.42,4.77,250,1.68,NaN,NaN,NaN,NaN,0.0,10.0,NaN,NaN,NaN,135850.0,NaN,NaN,NaN,NaN,NaN,NaN
36.958,-122.017,NaN,WW040314SC,HAB_SCW,2014-04-03T13:00:00Z,12.1,NaN,NaN,25,5.93,5.76,5.84,NaN,NaN,NaN,0.44,6.1,NaN,NaN,3.28,0.81,250,0.8,NaN,NaN,NaN,NaN,0.0,210.0,NaN,NaN,NaN,248800.0,NaN,NaN,NaN,NaN,NaN,NaN
36.958,-122.017,NaN,WW040914SC,HAB_SCW,2014-04-09T15:30:00Z,15.7,NaN,NaN,25,2.41,2.43,2.42,NaN,NaN,NaN,0.3,7.51,NaN,NaN,3.05,0.49,250,0.67,NaN,NaN,NaN,NaN,0.0,690.0,NaN,NaN,NaN,61850.0,NaN,NaN,NaN,NaN,NaN,NaN
36.958,-122.017,NaN,WW041614SC,HAB_SCW,2014-04-16T14:30:00Z,14.7,NaN,NaN,25,5.87,5.6,5.74,NaN,NaN,NaN,0.4,6.02,NaN,NaN,1.66,1.05,250,0.67,NaN,NaN,NaN,NaN,NaN,NaN,NaN,NaN,NaN,NaN,NaN,NaN,NaN,NaN,NaN,NaN
36.958,-122.017,NaN,WW042314SC,HAB_SCW,2014-04-23T14:30:00Z,9.7,NaN,NaN,25,4.26,4.22,4.24,NaN,NaN,NaN,1.76,30.95,NaN,NaN,4.09,22.5,250,0.09,NaN,NaN,NaN,NaN,0.0,NaN,NaN,NaN,NaN,2750.0,NaN,NaN,NaN,NaN,NaN,NaN
36.958,-122.017,NaN,WW043014SC,HAB_SCW,2014-04-30T14:30:00Z,13.0,NaN,NaN,25,13.17,11.83,12.5,NaN,NaN,NaN,0.69,4.91,NaN,NaN,2.52,2.07,250,1.23,NaN,NaN,NaN,NaN,0.0,NaN,NaN,NaN,NaN,174500.0,NaN,NaN,NaN,NaN,NaN,NaN
36.958,-122.017,NaN,WW050714SC,HAB_SCW,2014-05-07T15:30:00Z,10.3,NaN,NaN,25,7.39,8.2,7.8,NaN,NaN,NaN,0.89,16.68,NaN,NaN,1.93,11.77,250,5.55,NaN,NaN,NaN,NaN,20.0,NaN,NaN,NaN,NaN,170050.0,NaN,NaN,NaN,NaN,NaN,NaN
36.958,-122.017,NaN,WW051414SC,HAB_SCW,2014-05-14T15:45:00Z,14.6,NaN,NaN,25,6.28,5.87,6.08,NaN,NaN,NaN,0.19,4.07,NaN,NaN,1.19,0.63,250,3.44,NaN,NaN,NaN,NaN,60.0,NaN,NaN,NaN,NaN,170850.0,NaN,NaN,NaN,NaN,NaN,NaN
36.958,-122.017,NaN,WW052114SC,HAB_SCW,2014-05-21T15:50:00Z,12.8,NaN,NaN,25,4.04,4.29,4.17,NaN,NaN,NaN,1.1,18.99,NaN,NaN,4.94,11.35,250,0.15,NaN,NaN,NaN,NaN,350.0,490.0,NaN,NaN,NaN,47600.0,NaN,NaN,NaN,NaN,NaN,NaN
36.958,-122.017,NaN,WW052814SC,HAB_SCW,2014-05-28T15:35:00Z,14.3,NaN,NaN,25,5.13,4.6,4.87,NaN,NaN,NaN,0.15,2.47,NaN,NaN,0.44,0.02,250,0.59,NaN,NaN,NaN,NaN,230.0,NaN,NaN,NaN,NaN,26750.0,NaN,NaN,NaN,NaN,NaN,NaN
36.958,-122.017,NaN,WW060414SC,HAB_SCW,2014-06-04T15:15:00Z,14.0,NaN,NaN,25,3.29,3.45,3.37,NaN,NaN,NaN,0.23,3.32,NaN,NaN,1.29,0.48,250,16.22,NaN,NaN,NaN,NaN,190.0,730.0,NaN,NaN,NaN,23150.0,NaN,NaN,NaN,NaN,NaN,NaN
36.958,-122.017,NaN,WW061114SC,HAB_SCW,2014-06-11T15:50:00Z,14.3,NaN,NaN,25,9.0,8.6,8.8,NaN,NaN,NaN,0.5,8.04,NaN,NaN,2.81,0.53,250,0.0,NaN,NaN,NaN,NaN,760.0,5200.0,NaN,NaN,NaN,0.0,NaN,NaN,NaN,NaN,NaN,NaN
36.958,-122.017,NaN,WW061814SC,HAB_SCW,2014-06-18T16:20:00Z,14.9,NaN,NaN,25,8.0,7.86,7.93,NaN,NaN,NaN,0.24,4.31,NaN,NaN,0.89,1.04,250,0.02,NaN,NaN,NaN,NaN,20.0,150.0,NaN,NaN,NaN,1800.0,NaN,NaN,NaN,NaN,NaN,NaN
36.958,-122.017,NaN,WW062514SC,HAB_SCW,2014-06-25T16:20:00Z,16.7,NaN,NaN,25,8.06,8.53,8.3,NaN,NaN,NaN,0.03,1.2,NaN,NaN,0.49,0.08,250,0.0,NaN,NaN,NaN,NaN,180.0,400.0,NaN,NaN,NaN,0.0,NaN,NaN,NaN,NaN,NaN,NaN
36.958,-122.017,NaN,WW070214SC,HAB_SCW,2014-07-02T16:10:00Z,14.1,NaN,NaN,25,5.46,5.49,5.47,NaN,NaN,NaN,0.06,1.64,NaN,NaN,0.82,0.05,250,0.0,NaN,NaN,NaN,NaN,2360.0,540.0,NaN,NaN,NaN,0.0,NaN,NaN,NaN,NaN,NaN,NaN
36.958,-122.017,NaN,WW070914SC,HAB_SCW,2014-07-09T16:50:00Z,15.6,NaN,NaN,25,3.21,3.06,3.13,NaN,NaN,NaN,0.89,23.07,NaN,NaN,5.37,1.78,250,0.04,NaN,NaN,NaN,NaN,740.0,310.0,NaN,NaN,NaN,5550.0,NaN,NaN,NaN,NaN,NaN,NaN
36.958,-122.017,NaN,WW071614SC,HAB_SCW,2014-07-16T16:25:00Z,16.6,NaN,NaN,25,2.71,2.6,2.66,NaN,NaN,NaN,0.53,5.27,NaN,NaN,3.81,0.53,250,0.12,NaN,NaN,NaN,NaN,1200.0,330.0,NaN,NaN,NaN,10400.0,NaN,NaN,NaN,NaN,NaN,NaN
36.958,-122.017,NaN,WW072314SC,HAB_SCW,2014-07-23T16:20:00Z,18.0,NaN,NaN,25,9.41,9.41,9.41,NaN,NaN,NaN,0.58,6.31,NaN,NaN,9.57,1.49,250,0.0,NaN,NaN,NaN,NaN,260.0,NaN,NaN,NaN,NaN,0.0,NaN,NaN,NaN,NaN,NaN,NaN
36.958,-122.017,NaN,WW073014SC,HAB_SCW,2014-07-30T16:10:00Z,17.8,NaN,NaN,25,8.53,8.26,8.4,NaN,NaN,NaN,0.8,14.38,NaN,NaN,6.68,2.12,250,0.0,NaN,NaN,NaN,NaN,0.0,NaN,NaN,NaN,NaN,0.0,NaN,NaN,NaN,NaN,NaN,NaN
36.958,-122.017,NaN,WW080614SC,HAB_SCW,2014-08-06T15:45:00Z,17.9,NaN,NaN,25,6.79,6.72,6.75,NaN,NaN,NaN,0.47,8.98,NaN,NaN,3.36,0.72,250,0.0,NaN,NaN,NaN,NaN,0.0,900.0,NaN,NaN,NaN,0.0,NaN,NaN,NaN,NaN,NaN,NaN
36.958,-122.017,NaN,WW081314SC,HAB_SCW,2014-08-13T17:30:00Z,18.7,NaN,NaN,25,12.1,11.89,11.99,NaN,NaN,NaN,0.4,7.53,NaN,NaN,0.73,0.03,250,0.0,NaN,NaN,NaN,NaN,0.0,330.0,NaN,NaN,NaN,100.0,NaN,NaN,NaN,NaN,NaN,NaN
36.958,-122.017,NaN,WW082014SC,HAB_SCW,2014-08-20T16:00:00Z,17.4,NaN,NaN,25,7.93,8.0,7.96,NaN,NaN,NaN,0.7,8.79,NaN,NaN,1.75,0.54,250,0.0,NaN,NaN,NaN,NaN,0.0,320.0,NaN,NaN,NaN,0.0,NaN,NaN,NaN,NaN,NaN,NaN
36.958,-122.017,NaN,WW082714SC,HAB_SCW,2014-08-27T15:45:00Z,17.9,NaN,NaN,25,4.98,4.76,4.87,NaN,NaN,NaN,0.7,9.84,NaN,NaN,3.19,0.93,250,0.0,NaN,NaN,NaN,NaN,0.0,NaN,NaN,NaN,NaN,0.0,NaN,NaN,NaN,NaN,NaN,NaN
36.958,-122.017,NaN,WW090314SC,HAB_SCW,2014-09-03T16:00:00Z,18.2,NaN,NaN,25,3.02,3.07,3.05,NaN,NaN,NaN,0.91,10.94,NaN,NaN,6.33,1.34,250,0.0,NaN,NaN,NaN,NaN,0.0,20.0,NaN,NaN,NaN,0.0,NaN,NaN,NaN,NaN,NaN,NaN
36.958,-122.017,NaN,WW091014SC,HAB_SCW,2014-09-10T15:45:00Z,17.1,NaN,NaN,25,4.74,4.25,4.5,NaN,NaN,NaN,1.04,10.27,NaN,NaN,5.62,1.62,250,0.0,NaN,NaN,NaN,NaN,0.0,30.0,NaN,NaN,NaN,0.0,NaN,NaN,NaN,NaN,NaN,NaN
36.958,-122.017,NaN,WW091714SC,HAB_SCW,2014-09-17T16:15:00Z,17.5,NaN,NaN,25,6.83,7.04,6.94,NaN,NaN,NaN,1.05,10.24,NaN,NaN,4.12,1.5,250,0.0,NaN,NaN,NaN,NaN,0.0,NaN,NaN,NaN,NaN,0.0,NaN,NaN,NaN,NaN,NaN,NaN
36.958,-122.017,NaN,WW092414SC,HAB_SCW,2014-09-24T16:15:00Z,18.5,NaN,NaN,25,10.86,11.54,11.2,NaN,NaN,NaN,0.5,10.21,NaN,NaN,1.34,0.07,250,0.0,NaN,NaN,NaN,NaN,500.0,690.0,NaN,NaN,NaN,0.0,NaN,NaN,NaN,NaN,NaN,NaN
36.958,-122.017,NaN,WW100114SC,HAB_SCW,2014-10-01T15:50:00Z,17.8,NaN,NaN,25,4.85,4.96,4.9,NaN,NaN,NaN,0.61,11.38,NaN,NaN,4.79,1.05,250,0.0,NaN,NaN,NaN,NaN,820.0,NaN,NaN,NaN,NaN,0.0,NaN,NaN,NaN,NaN,NaN,NaN
36.958,-122.017,NaN,WW100814SC,HAB_SCW,2014-10-08T15:12:00Z,17.1,NaN,NaN,25,4.85,4.9,4.87,NaN,NaN,NaN,0.17,7.42,NaN,NaN,1.16,0.04,250,0.0,NaN,NaN,NaN,NaN,170.0,NaN,NaN,NaN,NaN,0.0,NaN,NaN,NaN,NaN,NaN,NaN
36.958,-122.017,NaN,WW101514SC,HAB_SCW,2014-10-15T14:40:00Z,16.0,NaN,NaN,25,2.6,2.66,2.63,NaN,NaN,NaN,0.95,9.11,NaN,NaN,5.58,2.68,250,0.0,NaN,NaN,NaN,NaN,2700.0,867.0,NaN,NaN,NaN,0.0,NaN,NaN,NaN,NaN,NaN,NaN
36.958,-122.017,NaN,WW102214SC,HAB_SCW,2014-10-22T14:30:00Z,14.9,NaN,NaN,25,2.01,2.11,2.06,NaN,NaN,NaN,0.56,8.43,NaN,NaN,5.0,2.46,250,0.0,NaN,NaN,NaN,NaN,60.0,NaN,NaN,NaN,NaN,0.0,NaN,NaN,NaN,NaN,NaN,NaN
36.958,-122.017,NaN,WW102914SC,HAB_SCW,2014-10-29T14:35:00Z,15.3,NaN,NaN,25,2.48,2.62,2.55,NaN,NaN,NaN,1.42,14.39,NaN,NaN,4.04,1.93,250,0.0,NaN,NaN,NaN,NaN,0.0,20.0,NaN,NaN,NaN,0.0,NaN,NaN,NaN,NaN,NaN,NaN
36.958,-122.017,NaN,WW110514SC,HAB_SCW,2014-11-05T15:30:00Z,14.5,NaN,NaN,25,50.59,49.97,50.28,NaN,NaN,NaN,0.37,18.36,NaN,NaN,0.42,0.84,250,0.0,NaN,NaN,NaN,NaN,1030.0,1190.0,NaN,NaN,NaN,0.0,NaN,NaN,NaN,NaN,NaN,NaN
36.958,-122.017,NaN,WW111214SC,HAB_SCW,2014-11-12T15:30:00Z,15.0,NaN,NaN,25,11.92,11.23,11.58,NaN,NaN,NaN,1.34,13.42,NaN,NaN,4.1,1.99,250,0.0,NaN,NaN,NaN,NaN,3380.0,NaN,NaN,NaN,NaN,0.0,NaN,NaN,NaN,NaN,NaN,NaN
36.958,-122.017,NaN,WW111914SC,HAB_SCW,2014-11-19T15:40:00Z,14.1,NaN,NaN,25,6.5,5.88,6.19,NaN,NaN,NaN,0.71,13.32,NaN,NaN,6.29,1.85,250,0.0,NaN,NaN,NaN,NaN,680.0,270.0,NaN,NaN,NaN,0.0,NaN,NaN,NaN,NaN,NaN,NaN
36.958,-122.017,NaN,WW112614SC,HAB_SCW,2014-11-26T15:50:00Z,13.4,NaN,NaN,25,7.88,8.3,8.09,NaN,NaN,NaN,0.61,16.17,NaN,NaN,3.85,2.42,250,0.0,NaN,NaN,NaN,NaN,1290.0,200.0,NaN,NaN,NaN,0.0,NaN,NaN,NaN,NaN,NaN,NaN
36.958,-122.017,NaN,WW120314SC,HAB_SCW,2014-12-03T15:50:00Z,15.0,NaN,NaN,25,4.82,5.53,5.17,NaN,NaN,NaN,0.76,17.75,NaN,NaN,3.13,5.06,250,0.0,NaN,NaN,NaN,NaN,270.0,NaN,NaN,NaN,NaN,0.0,NaN,NaN,NaN,NaN,NaN,NaN
36.958,-122.017,NaN,WW121014SC,HAB_SCW,2014-12-10T15:45:00Z,14.7,NaN,NaN,25,3.13,3.14,3.13,NaN,NaN,NaN,0.69,18.25,NaN,NaN,4.96,3.07,250,0.0,NaN,NaN,NaN,NaN,0.0,10.0,NaN,NaN,NaN,0.0,NaN,NaN,NaN,NaN,NaN,NaN
36.958,-122.017,NaN,WW121714SC,HAB_SCW,2014-12-17T16:05:00Z,14.1,NaN,NaN,25,0.89,1.0,0.94,NaN,NaN,NaN,0.51,13.73,NaN,NaN,3.19,3.6,250,0.0,NaN,NaN,NaN,NaN,0.0,30.0,NaN,NaN,NaN,0.0,NaN,NaN,NaN,NaN,NaN,NaN
36.958,-122.017,NaN,WW010715SC,HAB_SCW,2015-01-07T17:25:00Z,13.4,NaN,NaN,25,0.66,1.04,0.85,NaN,NaN,NaN,0.4,13.83,NaN,NaN,3.88,6.75,250,0.0,NaN,NaN,NaN,NaN,0.0,0.0,NaN,NaN,NaN,0.0,NaN,NaN,NaN,NaN,NaN,NaN
36.958,-122.017,NaN,WW011415SC,HAB_SCW,2015-01-14T16:40:00Z,12.3,NaN,NaN,25,1.87,0.68,1.28,NaN,NaN,NaN,0.43,8.99,NaN,NaN,3.39,1.12,250,0.0,NaN,NaN,NaN,NaN,0.0,0.0,NaN,NaN,NaN,0.0,NaN,NaN,NaN,NaN,NaN,NaN
36.958,-122.017,NaN,WW012115SC,HAB_SCW,2015-01-21T16:35:00Z,13.0,NaN,NaN,25,1.53,1.59,1.56,NaN,NaN,NaN,0.47,7.17,NaN,NaN,3.2,1.96,250,0.0,NaN,NaN,NaN,NaN,0.0,0.0,NaN,NaN,NaN,0.0,NaN,NaN,NaN,NaN,NaN,NaN
36.958,-122.017,NaN,WW012815SC,HAB_SCW,2015-01-28T16:45:00Z,13.5,NaN,NaN,25,1.23,1.08,1.16,NaN,NaN,NaN,0.51,9.95,NaN,NaN,3.1,3.32,250,0.0,NaN,NaN,NaN,NaN,0.0,0.0,NaN,NaN,NaN,0.0,NaN,NaN,NaN,NaN,NaN,NaN
36.958,-122.017,NaN,WW020415SC,HAB_SCW,2015-02-04T16:30:00Z,13.3,NaN,NaN,25,1.69,1.71,1.7,NaN,NaN,NaN,0.62,9.2,NaN,NaN,4.93,3.77,250,0.0,NaN,NaN,NaN,NaN,20.0,0.0,NaN,NaN,NaN,0.0,NaN,NaN,NaN,NaN,NaN,NaN
36.958,-122.017,NaN,WW021115SC,HAB_SCW,2015-02-11T16:25:00Z,13.3,NaN,NaN,25,1.52,1.61,1.56,NaN,NaN,NaN,0.77,38.56,NaN,NaN,3.6,5.66,250,0.0,NaN,NaN,NaN,NaN,0.0,10.0,NaN,NaN,NaN,0.0,NaN,NaN,NaN,NaN,NaN,NaN
36.958,-122.017,NaN,WW021815SC,HAB_SCW,2015-02-18T16:30:00Z,14.9,NaN,NaN,25,1.89,1.81,1.85,NaN,NaN,NaN,0.47,9.84,NaN,NaN,4.0,2.26,250,0.0,NaN,NaN,NaN,NaN,0.0,10.0,NaN,NaN,NaN,0.0,NaN,NaN,NaN,NaN,NaN,NaN
36.958,-122.017,NaN,WW022515SC,HAB_SCW,2015-02-25T16:30:00Z,14.1,NaN,NaN,25,1.72,1.84,1.78,NaN,NaN,NaN,0.61,11.77,NaN,NaN,4.76,3.01,250,0.0,NaN,NaN,NaN,NaN,0.0,70.0,NaN,NaN,NaN,0.0,NaN,NaN,NaN,NaN,NaN,NaN
36.958,-122.017,NaN,WW030415SC,HAB_SCW,2015-03-04T16:30:00Z,13.7,NaN,NaN,25,4.28,4.31,4.29,NaN,NaN,NaN,0.67,9.48,NaN,NaN,4.57,4.23,250,0.0,NaN,NaN,NaN,NaN,10.0,60.0,NaN,NaN,NaN,0.0,NaN,NaN,NaN,NaN,NaN,NaN
36.958,-122.017,NaN,WW031115SC,HAB_SCW,2015-03-11T15:30:00Z,13.3,NaN,NaN,25,4.01,3.38,3.69,NaN,NaN,NaN,0.35,6.64,NaN,NaN,2.0,0.85,250,0.0,NaN,NaN,NaN,NaN,0.0,50.0,NaN,NaN,NaN,0.0,NaN,NaN,NaN,NaN,NaN,NaN
36.958,-122.017,NaN,WW031815SC,HAB_SCW,2015-03-18T15:30:00Z,13.4,NaN,NaN,25,2.41,2.37,2.39,NaN,NaN,NaN,0.5,6.25,NaN,NaN,3.58,1.38,250,0.0,NaN,NaN,NaN,NaN,0.0,410.0,NaN,NaN,NaN,0.0,NaN,NaN,NaN,NaN,NaN,NaN
36.958,-122.017,NaN,WW032515SC,HAB_SCW,2015-03-25T15:30:00Z,13.5,NaN,NaN,25,1.83,1.85,1.84,NaN,NaN,NaN,0.67,12.26,NaN,NaN,3.77,6.17,250,0.0,NaN,NaN,NaN,NaN,0.0,50.0,NaN,NaN,NaN,0.0,NaN,NaN,NaN,NaN,NaN,NaN
36.958,-122.017,NaN,WW040115SC,HAB_SCW,2015-04-01T15:25:00Z,12.3,NaN,NaN,25,4.26,4.24,4.25,NaN,NaN,NaN,0.43,10.22,NaN,NaN,1.67,4.74,250,0.0,NaN,NaN,NaN,NaN,0.0,NaN,NaN,NaN,NaN,660.0,NaN,NaN,NaN,NaN,NaN,NaN
36.958,-122.017,NaN,WW040815SC,HAB_SCW,2015-04-08T15:30:00Z,12.4,NaN,NaN,25,13.77,13.92,13.85,NaN,NaN,NaN,0.36,6.77,NaN,NaN,1.85,1.27,250,0.02,NaN,NaN,NaN,NaN,80.0,260.0,NaN,NaN,NaN,26200.0,NaN,NaN,NaN,NaN,NaN,NaN
36.958,-122.017,NaN,WW041515SC,HAB_SCW,2015-04-15T16:00:00Z,11.7,NaN,NaN,25,1.96,2.11,2.04,NaN,NaN,NaN,1.02,18.21,NaN,NaN,6.14,10.95,250,0.01,NaN,NaN,NaN,NaN,20.0,220.0,NaN,NaN,NaN,27250.0,NaN,NaN,NaN,NaN,NaN,NaN
36.958,-122.017,NaN,WW042215SC,HAB_SCW,2015-04-22T15:45:00Z,11.5,NaN,NaN,25,5.96,5.3,5.63,NaN,NaN,NaN,0.69,13.81,NaN,NaN,7.74,8.38,250,0.62,NaN,NaN,NaN,NaN,20.0,500.0,NaN,NaN,NaN,122600.0,NaN,NaN,NaN,NaN,NaN,NaN
36.958,-122.017,NaN,WW042915SC,HAB_SCW,2015-04-29T15:15:00Z,13.5,NaN,NaN,25,5.92,5.06,5.49,NaN,NaN,NaN,0.09,8.89,NaN,NaN,2.61,0.65,250,3.42,NaN,NaN,NaN,NaN,0.0,NaN,NaN,NaN,NaN,198000.0,NaN,NaN,NaN,NaN,NaN,NaN
36.958,-122.017,NaN,WW050615SC,HAB_SCW,2015-05-06T15:30:00Z,13.3,NaN,NaN,25,8.34,8.79,8.57,NaN,NaN,NaN,0.0,2.64,NaN,NaN,0.7,0.5,250,3.18,NaN,NaN,NaN,NaN,0.0,7100.0,NaN,NaN,NaN,154650.0,NaN,NaN,NaN,NaN,NaN,NaN
36.958,-122.017,NaN,WW051315SC,HAB_SCW,2015-05-13T15:15:00Z,11.3,NaN,NaN,25,1.59,1.64,1.61,NaN,NaN,NaN,0.97,16.86,NaN,NaN,6.18,13.21,250,0.31,NaN,NaN,NaN,NaN,0.0,100.0,NaN,NaN,NaN,23550.0,NaN,NaN,NaN,NaN,NaN,NaN
36.958,-122.017,NaN,WW052015SC,HAB_SCW,2015-05-20T15:15:00Z,12.1,NaN,NaN,25,10.86,10.48,10.67,NaN,NaN,NaN,0.38,10.1,NaN,NaN,3.15,8.36,250,3.87,NaN,NaN,NaN,NaN,110.0,NaN,NaN,NaN,NaN,444200.0,NaN,NaN,NaN,NaN,NaN,NaN
36.958,-122.017,NaN,WW052715SC,HAB_SCW,2015-05-27T15:15:00Z,12.9,NaN,NaN,25,12.09,11.19,11.64,NaN,NaN,NaN,0.18,3.6,NaN,NaN,2.25,1.04,250,6.63,NaN,NaN,NaN,NaN,0.0,NaN,NaN,NaN,NaN,491450.0,NaN,NaN,NaN,NaN,NaN,NaN
36.958,-122.017,NaN,WW060315SC,HAB_SCW,2015-06-03T15:30:00Z,15.8,NaN,NaN,25,4.82,4.64,4.73,NaN,NaN,NaN,0.0,2.88,NaN,NaN,5.07,1.35,250,0.06,NaN,NaN,NaN,NaN,540.0,550.0,NaN,NaN,NaN,4250.0,NaN,NaN,NaN,NaN,NaN,NaN
36.958,-122.017,NaN,WW061015SC,HAB_SCW,2015-06-10T15:15:00Z,16.0,NaN,NaN,25,5.09,5.38,5.24,NaN,NaN,NaN,0.14,6.08,NaN,NaN,2.83,1.2,250,0.54,NaN,NaN,NaN,NaN,310.0,1350.0,NaN,NaN,NaN,14350.0,NaN,NaN,NaN,NaN,NaN,NaN
36.958,-122.017,NaN,WW061715SC,HAB_SCW,2015-06-17T15:30:00Z,15.2,NaN,NaN,25,3.63,3.5,3.57,NaN,NaN,NaN,0.16,3.18,NaN,NaN,3.7,1.09,250,0.82,NaN,NaN,NaN,NaN,600.0,3750.0,NaN,NaN,NaN,48500.0,NaN,NaN,NaN,NaN,NaN,NaN
36.958,-122.017,NaN,WW062415SC,HAB_SCW,2015-06-24T15:15:00Z,15.6,NaN,NaN,25,9.95,8.05,9.0,NaN,NaN,NaN,0.0,3.82,NaN,NaN,0.34,0.3,250,0.57,NaN,NaN,NaN,NaN,50.0,1200.0,NaN,NaN,NaN,29650.0,NaN,NaN,NaN,NaN,NaN,NaN
36.958,-122.017,NaN,WW070115SC,HAB_SCW,2015-07-01T15:30:00Z,16.4,NaN,NaN,25,4.78,5.14,4.96,NaN,NaN,NaN,0.0,3.14,NaN,NaN,0.47,0.0,250,0.16,NaN,NaN,NaN,NaN,70.0,NaN,NaN,NaN,NaN,750.0,NaN,NaN,NaN,NaN,NaN,NaN
36.958,-122.017,NaN,WW070815SC,HAB_SCW,2015-07-08T15:45:00Z,17.4,NaN,NaN,25,3.85,4.18,4.02,NaN,NaN,NaN,0.0,6.65,NaN,NaN,0.53,0.07,250,0.02,NaN,NaN,NaN,NaN,50.0,3100.0,NaN,NaN,NaN,0.0,NaN,NaN,NaN,NaN,NaN,NaN
36.958,-122.017,NaN,WW071515SC,HAB_SCW,2015-07-15T15:15:00Z,18.5,NaN,NaN,25,3.79,3.66,3.72,NaN,NaN,NaN,0.0,4.55,NaN,NaN,1.08,0.0,250,0.0,NaN,NaN,NaN,NaN,0.0,5900.0,NaN,NaN,NaN,200.0,NaN,NaN,NaN,NaN,NaN,NaN
36.958,-122.017,NaN,WW072215SC,HAB_SCW,2015-07-22T14:50:00Z,17.9,NaN,NaN,25,2.15,2.19,2.17,NaN,NaN,NaN,0.0,3.97,NaN,NaN,1.0,0.2,250,0.0,NaN,NaN,NaN,NaN,0.0,NaN,NaN,NaN,NaN,0.0,NaN,NaN,NaN,NaN,NaN,NaN
36.958,-122.017,NaN,WW072915SC,HAB_SCW,2015-07-29T15:25:00Z,17.9,NaN,NaN,25,7.14,7.43,7.28,NaN,NaN,NaN,0.07,5.79,NaN,NaN,4.92,0.5,250,0.08,NaN,NaN,NaN,NaN,50.0,NaN,NaN,NaN,NaN,2850.0,NaN,NaN,NaN,NaN,NaN,NaN
36.958,-122.017,NaN,WW080515SC,HAB_SCW,2015-08-05T15:20:00Z,17.3,NaN,NaN,25,5.98,NaN,5.98,NaN,NaN,NaN,0.12,3.69,NaN,NaN,2.56,0.42,250,0.29,NaN,NaN,NaN,NaN,90.0,200.0,NaN,NaN,NaN,26000.0,NaN,NaN,NaN,NaN,NaN,NaN
36.958,-122.017,NaN,WW081215SC,HAB_SCW,2015-08-12T15:25:00Z,17.4,NaN,NaN,25,6.79,6.45,6.62,NaN,NaN,NaN,0.01,4.66,NaN,NaN,2.55,1.26,250,0.0,NaN,NaN,NaN,NaN,30.0,NaN,NaN,NaN,NaN,100.0,NaN,NaN,NaN,NaN,NaN,NaN
36.958,-122.017,NaN,WW081915SC,HAB_SCW,2015-08-19T15:15:00Z,17.0,NaN,NaN,25,4.08,4.25,4.16,NaN,NaN,NaN,0.28,7.75,NaN,NaN,3.31,1.9,250,0.03,NaN,NaN,NaN,NaN,260.0,160.0,NaN,NaN,NaN,450.0,NaN,NaN,NaN,NaN,NaN,NaN
36.958,-122.017,NaN,WW082615SC,HAB_SCW,2015-08-26T15:20:00Z,17.7,NaN,NaN,25,3.14,3.17,3.15,NaN,NaN,NaN,0.0,2.68,NaN,NaN,0.4,0.0,250,0.0,NaN,NaN,NaN,NaN,10.0,NaN,NaN,NaN,NaN,1050.0,NaN,NaN,NaN,NaN,NaN,NaN
36.958,-122.017,NaN,WW090215SC,HAB_SCW,2015-09-02T15:30:00Z,16.9,NaN,NaN,25,4.63,4.68,4.66,NaN,NaN,NaN,0.2,8.05,NaN,NaN,2.11,1.22,250,0.02,NaN,NaN,NaN,NaN,0.0,NaN,NaN,NaN,NaN,4100.0,NaN,NaN,NaN,NaN,NaN,NaN
36.958,-122.017,NaN,WW090915SC,HAB_SCW,2015-09-09T15:15:00Z,17.3,NaN,NaN,25,6.9,7.09,7.0,NaN,NaN,NaN,0.0,2.66,NaN,NaN,0.45,0.17,250,0.04,NaN,NaN,NaN,NaN,20.0,600.0,NaN,NaN,NaN,1300.0,NaN,NaN,NaN,NaN,NaN,NaN
36.958,-122.017,NaN,WW091615SC,HAB_SCW,2015-09-16T15:15:00Z,14.6,NaN,NaN,25,1.45,1.4,1.43,NaN,NaN,NaN,0.39,6.28,NaN,NaN,4.66,1.73,250,0.51,NaN,NaN,NaN,NaN,0.0,100.0,NaN,NaN,NaN,28000.0,NaN,NaN,NaN,NaN,NaN,NaN
36.958,-122.017,NaN,WW092315SC,HAB_SCW,2015-09-23T15:30:00Z,17.6,NaN,NaN,25,3.32,3.16,3.24,NaN,NaN,NaN,0.17,2.59,NaN,NaN,2.2,0.32,250,0.05,NaN,NaN,NaN,NaN,20.0,110.0,NaN,NaN,NaN,150.0,NaN,NaN,NaN,NaN,NaN,NaN
36.958,-122.017,NaN,WW093015SC,HAB_SCW,2015-09-30T15:15:00Z,17.6,NaN,NaN,25,3.38,3.05,3.22,NaN,NaN,NaN,0.17,6.3,NaN,NaN,2.3,0.48,250,0.0,NaN,NaN,NaN,NaN,0.0,20.0,NaN,NaN,NaN,0.0,NaN,NaN,NaN,NaN,NaN,NaN
36.958,-122.017,NaN,WW100715SC,HAB_SCW,2015-10-07T15:30:00Z,16.7,NaN,NaN,25,5.13,5.62,5.38,NaN,NaN,NaN,0.18,6.9,NaN,NaN,1.57,0.35,250,0.0,NaN,NaN,NaN,NaN,0.0,40.0,NaN,NaN,NaN,450.0,NaN,NaN,NaN,NaN,NaN,NaN
36.958,-122.017,NaN,WW101415SC,HAB_SCW,2015-10-14T15:30:00Z,17.8,NaN,NaN,25,3.11,NaN,3.11,NaN,NaN,NaN,0.55,9.83,NaN,NaN,5.32,1.1,250,0.0,NaN,NaN,NaN,NaN,0.0,0.0,NaN,NaN,NaN,0.0,NaN,NaN,NaN,NaN,NaN,NaN
36.958,-122.017,NaN,WW102115SC,HAB_SCW,2015-10-21T15:30:00Z,16.9,NaN,NaN,25,2.71,3.39,3.05,NaN,NaN,NaN,0.17,5.57,NaN,NaN,2.89,0.5,250,0.0,NaN,NaN,NaN,NaN,0.0,NaN,NaN,NaN,NaN,0.0,NaN,NaN,NaN,NaN,NaN,NaN
36.958,-122.017,NaN,WW102815SC,HAB_SCW,2015-10-28T16:00:00Z,17.8,NaN,NaN,25,4.15,4.35,4.25,NaN,NaN,NaN,0.9,11.59,NaN,NaN,6.19,2.17,250,0.0,NaN,NaN,NaN,NaN,0.0,NaN,NaN,NaN,NaN,0.0,NaN,NaN,NaN,NaN,NaN,NaN
36.958,-122.017,NaN,WW110415SC,HAB_SCW,2015-11-04T16:40:00Z,14.8,NaN,NaN,25,2.12,2.13,2.12,NaN,NaN,NaN,0.58,10.94,NaN,NaN,2.68,4.95,250,0.0,NaN,NaN,NaN,NaN,0.0,0.0,NaN,NaN,NaN,0.0,NaN,NaN,NaN,NaN,NaN,NaN
36.958,-122.017,NaN,WW111115SC,HAB_SCW,2015-11-11T16:25:00Z,13.3,NaN,NaN,25,3.61,4.06,3.84,NaN,NaN,NaN,0.61,11.44,NaN,NaN,2.68,2.74,250,0.0,NaN,NaN,NaN,NaN,0.0,10.0,NaN,NaN,NaN,0.0,NaN,NaN,NaN,NaN,NaN,NaN
36.958,-122.017,NaN,WW111815SC,HAB_SCW,2015-11-18T16:40:00Z,13.7,NaN,NaN,25,1.85,1.88,1.87,NaN,NaN,NaN,1.26,10.99,NaN,NaN,4.34,5.21,250,0.01,NaN,NaN,NaN,NaN,0.0,NaN,NaN,NaN,NaN,0.0,NaN,NaN,NaN,NaN,NaN,NaN
36.958,-122.017,NaN,WW112515SC,HAB_SCW,2015-11-25T15:10:00Z,11.4,NaN,NaN,25,4.36,4.07,4.21,NaN,NaN,NaN,1.4,10.19,NaN,NaN,6.26,4.34,250,0.01,NaN,NaN,NaN,NaN,0.0,0.0,NaN,NaN,NaN,2050.0,NaN,NaN,NaN,NaN,NaN,NaN
36.958,-122.017,NaN,WW120215SC,HAB_SCW,2015-12-02T16:45:00Z,12.2,NaN,NaN,25,1.95,2.11,2.03,NaN,NaN,NaN,0.98,7.23,NaN,NaN,4.13,2.33,250,0.0,NaN,NaN,NaN,NaN,0.0,20.0,NaN,NaN,NaN,0.0,NaN,NaN,NaN,NaN,NaN,NaN
36.958,-122.017,NaN,WW120915SC,HAB_SCW,2015-12-09T16:20:00Z,14.1,NaN,NaN,25,1.45,1.29,1.37,NaN,NaN,NaN,0.87,4.89,NaN,NaN,3.44,1.33,250,0.0,NaN,NaN,NaN,NaN,0.0,40.0,NaN,NaN,NaN,0.0,NaN,NaN,NaN,NaN,NaN,NaN
36.958,-122.017,NaN,WW121615SC,HAB_SCW,2015-12-16T16:30:00Z,11.8,NaN,NaN,25,1.24,1.4,1.32,NaN,NaN,NaN,0.89,10.24,NaN,NaN,5.47,2.64,250,0.0,NaN,NaN,NaN,NaN,0.0,0.0,NaN,NaN,NaN,0.0,NaN,NaN,NaN,NaN,NaN,NaN
36.958,-122.017,NaN,WW010616SC,HAB_SCW,2016-01-06T16:30:00Z,11.7,NaN,NaN,25,1.97,1.89,1.93,NaN,NaN,NaN,0.9,12.55,NaN,NaN,2.0,5.01,250,0.0,NaN,NaN,NaN,NaN,0.0,NaN,NaN,NaN,NaN,0.0,NaN,NaN,NaN,NaN,NaN,NaN
36.958,-122.017,NaN,WW011316SC,HAB_SCW,2016-01-13T16:30:00Z,14.8,NaN,NaN,25,0.86,0.65,0.76,NaN,NaN,NaN,0.85,7.65,NaN,NaN,3.09,4.45,250,0.0,NaN,NaN,NaN,NaN,0.0,NaN,NaN,NaN,NaN,0.0,NaN,NaN,NaN,NaN,NaN,NaN
36.958,-122.017,NaN,WW012016SC,HAB_SCW,2016-01-20T16:30:00Z,14.1,NaN,NaN,25,1.03,0.78,0.91,NaN,NaN,NaN,0.88,10.79,NaN,NaN,2.67,3.8,250,0.0,NaN,NaN,NaN,NaN,0.0,0.0,NaN,NaN,NaN,0.0,NaN,NaN,NaN,NaN,NaN,NaN
36.958,-122.017,NaN,WW012716SC,HAB_SCW,2016-01-27T16:30:00Z,13.4,NaN,NaN,25,0.95,0.94,0.95,NaN,NaN,NaN,0.98,9.41,NaN,NaN,4.24,3.3,250,0.0,NaN,NaN,NaN,NaN,0.0,NaN,NaN,NaN,NaN,0.0,NaN,NaN,NaN,NaN,NaN,NaN
36.958,-122.017,NaN,WW020316SC,HAB_SCW,2016-02-03T16:30:00Z,11.4,NaN,NaN,25,0.79,0.74,0.76,NaN,NaN,NaN,1.01,23.1,NaN,NaN,2.85,5.21,250,0.0,NaN,NaN,NaN,NaN,0.0,NaN,NaN,NaN,NaN,0.0,NaN,NaN,NaN,NaN,NaN,NaN
36.958,-122.017,NaN,WW021016SC,HAB_SCW,2016-02-10T16:30:00Z,12.6,NaN,NaN,25,1.83,1.59,1.71,NaN,NaN,NaN,0.93,12.67,NaN,NaN,2.76,4.17,250,0.0,NaN,NaN,NaN,NaN,0.0,NaN,NaN,NaN,NaN,0.0,NaN,NaN,NaN,NaN,NaN,NaN
36.958,-122.017,NaN,WW021716SC,HAB_SCW,2016-02-17T16:30:00Z,13.6,NaN,NaN,25,2.59,2.52,2.56,NaN,NaN,NaN,1.0,12.67,NaN,NaN,3.89,5.74,250,0.0,NaN,NaN,NaN,NaN,0.0,NaN,NaN,NaN,NaN,0.0,NaN,NaN,NaN,NaN,NaN,NaN
36.958,-122.017,NaN,WW022416SC,HAB_SCW,2016-02-24T16:30:00Z,13.5,NaN,NaN,25,2.84,2.94,2.89,NaN,NaN,NaN,0.7,8.52,NaN,NaN,2.31,2.96,250,0.0,NaN,NaN,NaN,NaN,0.0,0.0,NaN,NaN,NaN,0.0,NaN,NaN,NaN,NaN,NaN,NaN
36.958,-122.017,NaN,WW030216SC,HAB_SCW,2016-03-02T16:30:00Z,13.3,NaN,NaN,25,2.47,2.32,2.4,NaN,NaN,NaN,0.79,8.38,NaN,NaN,2.61,2.47,250,0.0,NaN,NaN,NaN,NaN,190.0,20.0,NaN,NaN,NaN,0.0,NaN,NaN,NaN,NaN,NaN,NaN
36.958,-122.017,NaN,WW030916SC,HAB_SCW,2016-03-09T16:30:00Z,13.9,NaN,NaN,25,1.41,1.44,1.43,NaN,NaN,NaN,0.9,24.05,NaN,NaN,2.81,2.95,250,0.0,NaN,NaN,NaN,NaN,NaN,NaN,NaN,NaN,NaN,NaN,NaN,NaN,NaN,NaN,NaN,NaN
36.958,-122.017,NaN,WW031616SC,HAB_SCW,2016-03-16T15:30:00Z,12.9,NaN,NaN,25,1.27,1.47,1.37,NaN,NaN,NaN,1.0,31.7,NaN,NaN,3.6,4.63,250,0.0,NaN,NaN,NaN,NaN,NaN,NaN,NaN,NaN,NaN,NaN,NaN,NaN,NaN,NaN,NaN,NaN
36.958,-122.017,NaN,WW032316SC,HAB_SCW,2016-03-23T15:30:00Z,13.2,NaN,NaN,25,2.7,2.46,2.58,NaN,NaN,NaN,0.82,12.17,NaN,NaN,2.26,2.98,250,0.0,NaN,NaN,NaN,NaN,NaN,NaN,NaN,NaN,NaN,NaN,NaN,NaN,NaN,NaN,NaN,NaN
36.958,-122.017,NaN,WW033016SC,HAB_SCW,2016-03-30T15:30:00Z,11.5,NaN,NaN,25,2.24,2.27,2.25,NaN,NaN,NaN,1.2,25.41,NaN,NaN,0.72,11.5,250,0.0,NaN,NaN,NaN,NaN,NaN,NaN,NaN,NaN,NaN,NaN,NaN,NaN,NaN,NaN,NaN,NaN
36.958,-122.017,NaN,WW040616SC,HAB_SCW,2016-04-06T15:00:00Z,13.9,NaN,NaN,25,4.1,3.94,4.02,NaN,NaN,NaN,0.75,17.71,NaN,NaN,1.87,4.13,250,0.0,NaN,NaN,NaN,NaN,NaN,NaN,NaN,NaN,NaN,NaN,NaN,NaN,NaN,NaN,NaN,NaN
36.958,-122.017,NaN,WW041316SC,HAB_SCW,2016-04-13T15:20:00Z,12.5,NaN,NaN,25,2.7,2.88,2.79,NaN,NaN,NaN,0.97,20.73,NaN,NaN,3.98,4.26,250,0.0,NaN,NaN,NaN,NaN,NaN,NaN,NaN,NaN,NaN,NaN,NaN,NaN,NaN,NaN,NaN,NaN
36.958,-122.017,NaN,WW042016SC,HAB_SCW,2016-04-20T14:50:00Z,13.0,NaN,NaN,25,5.79,6.0,5.9,NaN,NaN,NaN,0.65,6.84,NaN,NaN,1.51,0.95,250,0.02,NaN,NaN,NaN,NaN,NaN,NaN,NaN,NaN,NaN,NaN,NaN,NaN,NaN,NaN,NaN,NaN
36.958,-122.017,NaN,WW042716SC,HAB_SCW,2016-04-27T15:00:00Z,11.9,NaN,NaN,25,3.54,3.53,3.53,NaN,NaN,NaN,1.08,18.41,NaN,NaN,3.85,6.22,250,0.0,NaN,NaN,NaN,NaN,NaN,NaN,NaN,NaN,NaN,NaN,NaN,NaN,NaN,NaN,NaN,NaN
36.958,-122.017,NaN,WW050416SC,HAB_SCW,2016-05-04T14:50:00Z,13.3,NaN,NaN,25,3.01,3.19,3.1,NaN,NaN,NaN,0.72,7.72,NaN,NaN,2.19,1.28,250,0.0,NaN,NaN,NaN,NaN,NaN,NaN,NaN,NaN,NaN,NaN,NaN,NaN,NaN,NaN,NaN,NaN
36.958,-122.017,NaN,WW051116SC,HAB_SCW,2016-05-11T14:50:00Z,13.1,NaN,NaN,25,5.63,6.05,5.84,NaN,NaN,NaN,0.89,11.06,NaN,NaN,6.77,2.79,250,0.02,NaN,NaN,NaN,NaN,NaN,NaN,NaN,NaN,NaN,NaN,NaN,NaN,NaN,NaN,NaN,NaN
36.958,-122.017,NaN,WW051816SC,HAB_SCW,2016-05-18T14:50:00Z,14.6,NaN,NaN,25,5.88,6.09,5.99,NaN,NaN,NaN,0.63,5.05,NaN,NaN,2.28,2.74,250,0.03,NaN,NaN,NaN,NaN,NaN,NaN,NaN,NaN,NaN,NaN,NaN,NaN,NaN,NaN,NaN,NaN
36.958,-122.017,NaN,WW052516SC,HAB_SCW,2016-05-25T15:00:00Z,12.4,NaN,NaN,25,5.72,5.59,5.65,NaN,NaN,NaN,1.04,21.99,NaN,NaN,3.07,5.65,250,0.04,NaN,NaN,NaN,NaN,NaN,NaN,NaN,NaN,NaN,NaN,NaN,NaN,NaN,NaN,NaN,NaN
36.958,-122.017,NaN,WW060116SC,HAB_SCW,2016-06-01T14:50:00Z,13.9,NaN,NaN,25,7.0,7.38,7.19,NaN,NaN,NaN,0.65,13.83,NaN,NaN,1.1,0.11,250,0.11,NaN,NaN,NaN,NaN,NaN,NaN,NaN,NaN,NaN,NaN,NaN,NaN,NaN,NaN,NaN,NaN
36.958,-122.017,NaN,WW060816SC,HAB_SCW,2016-06-08T14:50:00Z,14.5,NaN,NaN,25,8.32,7.99,8.15,NaN,NaN,NaN,0.45,5.76,NaN,NaN,0.65,0.0,250,0.18,NaN,NaN,NaN,NaN,NaN,NaN,NaN,NaN,NaN,NaN,NaN,NaN,NaN,NaN,NaN,NaN
36.958,-122.017,NaN,WW061516SC,HAB_SCW,2016-06-15T14:35:00Z,12.6,NaN,NaN,25,7.17,7.06,7.12,NaN,NaN,NaN,1.31,16.5,NaN,NaN,5.03,9.78,250,0.73,NaN,NaN,NaN,NaN,NaN,NaN,NaN,NaN,NaN,NaN,NaN,NaN,NaN,NaN,NaN,NaN
36.958,-122.017,NaN,WW062216SC,HAB_SCW,2016-06-22T15:30:00Z,14.7,NaN,NaN,25,3.89,3.9,3.9,NaN,NaN,NaN,1.0,14.74,NaN,NaN,4.92,2.67,250,0.03,NaN,NaN,NaN,NaN,NaN,NaN,NaN,NaN,NaN,NaN,NaN,NaN,NaN,NaN,NaN,NaN
36.958,-122.017,NaN,WW062916SC,HAB_SCW,2016-06-29T15:10:00Z,14.4,NaN,NaN,25,6.76,6.69,6.73,NaN,NaN,NaN,0.91,6.36,NaN,NaN,6.31,1.47,250,0.56,NaN,NaN,NaN,NaN,NaN,NaN,NaN,NaN,NaN,NaN,NaN,NaN,NaN,NaN,NaN,NaN
36.958,-122.017,NaN,WW070616SC,HAB_SCW,2016-07-06T15:15:00Z,13.6,NaN,NaN,25,5.86,5.9,5.88,NaN,NaN,NaN,0.41,1.89,NaN,NaN,0.95,0.2,250,1.28,NaN,NaN,NaN,NaN,NaN,NaN,NaN,NaN,NaN,NaN,NaN,NaN,NaN,NaN,NaN,NaN
36.958,-122.017,NaN,WW071316SC,HAB_SCW,2016-07-13T15:05:00Z,15.2,NaN,NaN,25,6.39,6.65,6.52,NaN,NaN,NaN,NaN,NaN,NaN,NaN,1.57,NaN,250,2.44,NaN,NaN,NaN,NaN,NaN,NaN,NaN,NaN,NaN,NaN,NaN,NaN,NaN,NaN,NaN,NaN
36.958,-122.017,NaN,WW072016SC,HAB_SCW,2016-07-20T15:25:00Z,13.5,NaN,NaN,25,9.35,6.09,7.72,NaN,NaN,NaN,NaN,NaN,NaN,NaN,2.96,NaN,250,5.8,NaN,NaN,NaN,NaN,NaN,NaN,NaN,NaN,NaN,NaN,NaN,NaN,NaN,NaN,NaN,NaN
36.958,-122.017,NaN,WW072716SC,HAB_SCW,2016-07-27T15:25:00Z,15.1,NaN,NaN,25,5.71,5.14,5.43,NaN,NaN,NaN,0.63,4.2,NaN,NaN,5.94,2.29,250,1.11,NaN,NaN,NaN,NaN,NaN,NaN,NaN,NaN,NaN,NaN,NaN,NaN,NaN,NaN,NaN,NaN
36.958,-122.017,NaN,WW080316SC,HAB_SCW,2016-08-03T14:45:00Z,15.2,NaN,NaN,25,18.01,15.2,16.6,NaN,NaN,NaN,NaN,NaN,NaN,NaN,4.16,NaN,250,0.35,NaN,NaN,NaN,NaN,NaN,NaN,NaN,NaN,NaN,NaN,NaN,NaN,NaN,NaN,NaN,NaN
36.958,-122.017,NaN,WW081016SC,HAB_SCW,2016-08-10T15:05:00Z,15.9,NaN,NaN,25,5.79,5.67,5.73,NaN,NaN,NaN,NaN,NaN,NaN,NaN,4.83,NaN,250,0.11,NaN,NaN,NaN,NaN,NaN,NaN,NaN,NaN,NaN,NaN,NaN,NaN,NaN,NaN,NaN,NaN
36.958,-122.017,NaN,WW081716SC,HAB_SCW,2016-08-17T15:05:00Z,15.4,NaN,NaN,25,18.89,19.24,19.07,NaN,NaN,NaN,0.27,8.61,NaN,NaN,0.89,0.26,250,0.11,NaN,NaN,NaN,NaN,NaN,NaN,NaN,NaN,NaN,NaN,NaN,NaN,NaN,NaN,NaN,NaN
36.958,-122.017,NaN,WW082416SC,HAB_SCW,2016-08-24T15:15:00Z,15.0,NaN,NaN,25,4.2,4.1,4.15,NaN,NaN,NaN,0.48,8.97,NaN,NaN,2.82,1.29,250,0.09,NaN,NaN,NaN,NaN,NaN,NaN,NaN,NaN,NaN,NaN,NaN,NaN,NaN,NaN,NaN,NaN
36.958,-122.017,NaN,WW090116SC,HAB_SCW,2016-09-01T15:20:00Z,17.1,NaN,NaN,25,4.99,4.98,4.98,NaN,NaN,NaN,NaN,NaN,NaN,NaN,0.33,NaN,250,0.22,NaN,NaN,NaN,NaN,NaN,NaN,NaN,NaN,NaN,NaN,NaN,NaN,NaN,NaN,NaN,NaN
36.958,-122.017,NaN,WW090716SC,HAB_SCW,2016-09-07T15:20:00Z,16.3,NaN,NaN,25,4.15,4.68,4.41,NaN,NaN,NaN,0.44,11.0,NaN,NaN,3.85,0.98,250,0.37,NaN,NaN,NaN,NaN,NaN,NaN,NaN,NaN,NaN,NaN,NaN,NaN,NaN,NaN,NaN,NaN
36.958,-122.017,NaN,WW091416SC,HAB_SCW,2016-09-14T15:05:00Z,14.0,NaN,NaN,25,43.94,44.74,44.34,NaN,NaN,NaN,0.86,14.13,NaN,NaN,0.46,0.0,250,0.95,NaN,NaN,NaN,NaN,NaN,NaN,NaN,NaN,NaN,NaN,NaN,NaN,NaN,NaN,NaN,NaN
36.958,-122.017,NaN,WW092116SC,HAB_SCW,2016-09-21T15:00:00Z,16.4,NaN,NaN,25,6.28,6.66,6.47,NaN,NaN,NaN,0.51,14.44,NaN,NaN,2.99,0.58,250,0.03,NaN,NaN,NaN,NaN,NaN,NaN,NaN,NaN,NaN,NaN,NaN,NaN,NaN,NaN,NaN,NaN
36.958,-122.017,NaN,WW092816SC,HAB_SCW,2016-09-28T15:25:00Z,15.3,NaN,NaN,25,13.7,16.11,14.9,NaN,NaN,NaN,0.62,17.07,NaN,NaN,1.3,0.24,250,0.0,NaN,NaN,NaN,NaN,NaN,NaN,NaN,NaN,NaN,NaN,NaN,NaN,NaN,NaN,NaN,NaN
36.958,-122.017,NaN,WW100516SC,HAB_SCW,2016-10-05T15:10:00Z,13.5,NaN,NaN,25,21.35,20.9,21.13,NaN,NaN,NaN,0.74,19.8,NaN,NaN,0.94,0.07,250,0.0,NaN,NaN,NaN,NaN,NaN,NaN,NaN,NaN,NaN,NaN,NaN,NaN,NaN,NaN,NaN,NaN
36.958,-122.017,NaN,WW101216SC,HAB_SCW,2016-10-12T15:20:00Z,14.2,NaN,NaN,25,132.15,142.95,137.55,NaN,NaN,NaN,1.51,21.93,NaN,NaN,0.13,0.0,250,0.01,NaN,NaN,NaN,NaN,NaN,NaN,NaN,NaN,NaN,NaN,NaN,NaN,NaN,NaN,NaN,NaN
36.958,-122.017,NaN,WW101916SC,HAB_SCW,2016-10-19T16:00:00Z,14.8,NaN,NaN,25,50.3,52.11,51.2,NaN,NaN,NaN,1.02,12.11,NaN,NaN,0.46,0.03,250,0.02,NaN,NaN,NaN,NaN,NaN,NaN,NaN,NaN,NaN,NaN,NaN,NaN,NaN,NaN,NaN,NaN
36.958,-122.017,NaN,WW102616SC,HAB_SCW,2016-10-26T15:15:00Z,14.5,NaN,NaN,25,24.58,24.39,24.48,NaN,NaN,NaN,0.59,13.14,NaN,NaN,0.45,0.0,250,0.0,NaN,NaN,NaN,NaN,NaN,NaN,NaN,NaN,NaN,NaN,NaN,NaN,NaN,NaN,NaN,NaN
36.958,-122.017,NaN,WW110216SC,HAB_SCW,2016-11-02T15:45:00Z,15.3,NaN,NaN,25,48.0,43.65,45.83,NaN,NaN,NaN,NaN,NaN,NaN,NaN,1.19,NaN,250,0.0,NaN,NaN,NaN,NaN,NaN,NaN,NaN,NaN,NaN,NaN,NaN,NaN,NaN,NaN,NaN,NaN
36.958,-122.017,NaN,WW110916SC,HAB_SCW,2016-11-09T16:20:00Z,15.7,NaN,NaN,25,9.25,8.25,8.75,NaN,NaN,NaN,0.93,11.72,NaN,NaN,1.36,1.14,250,NaN,NaN,NaN,NaN,NaN,NaN,NaN,NaN,NaN,NaN,NaN,NaN,NaN,NaN,NaN,NaN,NaN
36.958,-122.017,NaN,WW111616SC,HAB_SCW,2016-11-16T17:25:00Z,14.9,NaN,NaN,25,4.53,4.06,4.3,NaN,NaN,NaN,0.92,14.36,NaN,NaN,7.25,4.65,250,0.0,NaN,NaN,NaN,NaN,NaN,NaN,NaN,NaN,NaN,NaN,NaN,NaN,NaN,NaN,NaN,NaN
36.958,-122.017,NaN,WW112316SC,HAB_SCW,2016-11-23T16:15:00Z,12.5,NaN,NaN,25,3.42,3.31,3.36,NaN,NaN,NaN,0.86,14.87,NaN,NaN,2.73,8.24,250,0.0,NaN,NaN,NaN,NaN,NaN,NaN,NaN,NaN,NaN,NaN,NaN,NaN,NaN,NaN,NaN,NaN
36.958,-122.017,NaN,WW113016SC,HAB_SCW,2016-11-30T16:25:00Z,12.0,NaN,NaN,25,1.95,2.01,1.98,NaN,NaN,NaN,0.92,13.55,NaN,NaN,3.58,5.92,250,0.0,NaN,NaN,NaN,NaN,NaN,NaN,NaN,NaN,NaN,NaN,NaN,NaN,NaN,NaN,NaN,NaN
36.958,-122.017,NaN,WW120716SC,HAB_SCW,2016-12-07T16:15:00Z,11.6,NaN,NaN,25,1.53,1.7,1.61,NaN,NaN,NaN,0.99,16.44,NaN,NaN,3.3,7.99,250,0.0,NaN,NaN,NaN,NaN,NaN,NaN,NaN,NaN,NaN,NaN,NaN,NaN,NaN,NaN,NaN,NaN
36.958,-122.017,NaN,WW121416SC,HAB_SCW,2016-12-14T16:40:00Z,12.1,NaN,NaN,25,8.03,7.96,7.99,NaN,NaN,NaN,0.74,28.95,NaN,NaN,2.47,6.93,250,0.0,NaN,NaN,NaN,NaN,NaN,NaN,NaN,NaN,NaN,NaN,NaN,NaN,NaN,NaN,NaN,NaN
36.958,-122.017,NaN,WW122116SC,HAB_SCW,2016-12-21T17:10:00Z,11.7,NaN,NaN,25,1.78,1.76,1.77,NaN,NaN,NaN,1.02,26.27,NaN,NaN,4.04,7.99,250,NaN,NaN,NaN,NaN,NaN,NaN,NaN,NaN,NaN,NaN,NaN,NaN,NaN,NaN,NaN,NaN,NaN
36.958,-122.017,NaN,WW010417SC,HAB_SCW,2017-01-04T16:30:00Z,11.2,NaN,NaN,25,3.84,3.42,3.63,NaN,NaN,NaN,1.25,54.74,NaN,NaN,2.33,8.2,250,NaN,NaN,NaN,NaN,NaN,NaN,NaN,NaN,NaN,NaN,NaN,NaN,NaN,NaN,NaN,NaN,NaN
36.958,-122.017,NaN,WW011117SC,HAB_SCW,2017-01-11T16:15:00Z,11.8,NaN,NaN,25,13.05,10.92,11.98,NaN,NaN,NaN,0.97,36.86,NaN,NaN,1.29,10.1,250,0.0,NaN,NaN,NaN,NaN,NaN,NaN,NaN,NaN,NaN,NaN,NaN,NaN,NaN,NaN,NaN,NaN
36.958,-122.017,NaN,WW011817SC,HAB_SCW,2017-01-18T16:30:00Z,11.3,NaN,NaN,25,1.83,1.9,1.87,NaN,NaN,NaN,0.9,18.11,NaN,NaN,2.19,7.18,250,0.0,NaN,NaN,NaN,NaN,NaN,NaN,NaN,NaN,NaN,NaN,NaN,NaN,NaN,NaN,NaN,NaN
36.958,-122.017,NaN,WW012517SC,HAB_SCW,2017-01-25T15:45:00Z,10.3,NaN,NaN,25,0.98,1.1,1.04,NaN,NaN,NaN,0.92,46.29,NaN,NaN,NaN,11.44,250,0.0,NaN,NaN,NaN,NaN,NaN,NaN,NaN,NaN,NaN,NaN,NaN,NaN,NaN,NaN,NaN,NaN
36.958,-122.017,NaN,WW020117SC,HAB_SCW,2017-02-01T15:45:00Z,11.2,NaN,NaN,25,2.1,2.11,2.11,NaN,NaN,NaN,0.77,27.94,NaN,NaN,2.37,11.54,250,0.0,NaN,NaN,NaN,NaN,NaN,NaN,NaN,NaN,NaN,NaN,NaN,NaN,NaN,NaN,NaN,NaN
36.958,-122.017,NaN,WW020817SC,HAB_SCW,2017-02-08T15:45:00Z,12.7,NaN,NaN,25,1.36,1.33,1.35,NaN,NaN,NaN,1.09,91.96,NaN,NaN,2.35,10.94,250,0.0,NaN,NaN,NaN,NaN,NaN,NaN,NaN,NaN,NaN,NaN,NaN,NaN,NaN,NaN,NaN,NaN
36.958,-122.017,NaN,WW021517SC,HAB_SCW,2017-02-15T15:40:00Z,12.2,NaN,NaN,25,1.82,1.72,1.77,NaN,NaN,NaN,0.82,50.0,NaN,NaN,2.54,9.28,250,0.0,NaN,NaN,NaN,NaN,NaN,NaN,NaN,NaN,NaN,NaN,NaN,NaN,NaN,NaN,NaN,NaN
36.958,-122.017,NaN,WW022217SC,HAB_SCW,2017-02-22T15:45:00Z,12.1,NaN,NaN,25,0.89,0.97,0.93,NaN,NaN,NaN,0.56,22.83,NaN,NaN,1.67,5.92,250,0.0,NaN,NaN,NaN,NaN,NaN,NaN,NaN,NaN,NaN,NaN,NaN,NaN,NaN,NaN,NaN,NaN
36.958,-122.017,NaN,WW030117SC,HAB_SCW,2017-03-01T15:45:00Z,11.4,NaN,NaN,25,0.63,0.57,0.6,NaN,NaN,NaN,0.58,13.71,NaN,NaN,2.24,5.8,250,0.0,NaN,NaN,NaN,NaN,NaN,NaN,NaN,NaN,NaN,NaN,NaN,NaN,NaN,NaN,NaN,NaN
36.958,-122.017,NaN,WW030817SC,HAB_SCW,2017-03-08T15:45:00Z,11.7,NaN,NaN,25,3.34,3.11,3.23,NaN,NaN,NaN,0.5,39.24,NaN,NaN,1.32,6.93,250,0.0,NaN,NaN,NaN,NaN,NaN,NaN,NaN,NaN,NaN,NaN,NaN,NaN,NaN,NaN,NaN,NaN
36.958,-122.017,NaN,WW031517SC,HAB_SCW,2017-03-15T14:45:00Z,13.1,NaN,NaN,25,2.07,2.14,2.1,NaN,NaN,NaN,0.32,28.73,NaN,NaN,3.11,2.83,250,NaN,NaN,NaN,NaN,NaN,NaN,NaN,NaN,NaN,NaN,NaN,NaN,NaN,NaN,NaN,NaN,NaN
36.958,-122.017,NaN,WW032217SC,HAB_SCW,2017-03-22T15:45:00Z,13.0,NaN,NaN,25,2.86,3.34,3.1,NaN,NaN,NaN,0.38,30.96,NaN,NaN,1.83,2.66,250,0.0,NaN,NaN,NaN,NaN,NaN,NaN,NaN,NaN,NaN,NaN,NaN,NaN,NaN,NaN,NaN,NaN
36.958,-122.017,NaN,WW032917SC,HAB_SCW,2017-03-29T15:15:00Z,14.7,NaN,NaN,25,3.26,3.47,3.37,NaN,NaN,NaN,0.22,9.08,NaN,NaN,1.16,1.57,250,0.01,NaN,NaN,NaN,NaN,NaN,NaN,NaN,NaN,NaN,NaN,NaN,NaN,NaN,NaN,NaN,NaN
36.958,-122.017,NaN,WW040517SC,HAB_SCW,2017-04-05T15:30:00Z,13.3,NaN,NaN,25,3.58,3.19,3.39,NaN,NaN,NaN,0.31,16.04,NaN,NaN,1.38,3.94,250,0.02,NaN,NaN,NaN,NaN,NaN,NaN,NaN,NaN,NaN,NaN,NaN,NaN,NaN,NaN,NaN,NaN
36.958,-122.017,NaN,WW041217SC,HAB_SCW,2017-04-12T15:45:00Z,11.8,NaN,NaN,25,3.12,3.25,3.19,NaN,NaN,NaN,0.8,28.98,NaN,NaN,3.27,10.54,250,0.01,NaN,NaN,NaN,NaN,NaN,NaN,NaN,NaN,NaN,NaN,NaN,NaN,NaN,NaN,NaN,NaN
36.958,-122.017,NaN,WW041917SC,HAB_SCW,2017-04-19T15:45:00Z,12.5,NaN,NaN,25,6.83,7.33,7.08,NaN,NaN,NaN,0.69,13.3,NaN,NaN,3.82,5.0,250,0.34,NaN,NaN,NaN,NaN,NaN,NaN,NaN,NaN,NaN,NaN,NaN,NaN,NaN,NaN,NaN,NaN
36.958,-122.017,NaN,WW042617SC,HAB_SCW,2017-04-26T15:45:00Z,11.7,NaN,NaN,25,6.73,6.59,6.66,NaN,NaN,NaN,0.96,42.86,NaN,NaN,3.17,12.21,250,0.0,NaN,NaN,NaN,NaN,NaN,NaN,NaN,NaN,NaN,NaN,NaN,NaN,NaN,NaN,NaN,NaN
36.958,-122.017,NaN,WW050317SC,HAB_SCW,2017-05-03T15:45:00Z,13.9,NaN,NaN,25,3.37,3.39,3.38,NaN,NaN,NaN,0.52,41.02,NaN,NaN,2.92,4.65,250,0.0,NaN,NaN,NaN,NaN,NaN,NaN,NaN,NaN,NaN,NaN,NaN,NaN,NaN,NaN,NaN,NaN
36.958,-122.017,NaN,WW051017SC,HAB_SCW,2017-05-10T15:45:00Z,12.3,NaN,NaN,25,7.26,6.88,7.07,NaN,NaN,NaN,4.28,26.49,NaN,NaN,2.3,10.39,250,0.0,NaN,NaN,NaN,NaN,730.0,NaN,NaN,NaN,NaN,3500.0,NaN,NaN,NaN,NaN,NaN,NaN
36.958,-122.017,NaN,WW051717SC,HAB_SCW,2017-05-17T15:45:00Z,12.4,NaN,NaN,25,4.03,3.69,3.86,NaN,NaN,NaN,0.84,19.37,NaN,NaN,4.2,10.05,250,0.09,NaN,NaN,NaN,NaN,880.0,667.0,NaN,NaN,NaN,34500.0,NaN,NaN,NaN,NaN,NaN,NaN
36.958,-122.017,NaN,WW052417SC,HAB_SCW,2017-05-24T16:00:00Z,13.1,NaN,NaN,25,9.45,9.75,9.6,NaN,NaN,NaN,0.88,11.07,NaN,NaN,1.95,1.75,250,0.07,NaN,NaN,NaN,NaN,1330.0,3250.0,NaN,NaN,NaN,80750.0,NaN,NaN,NaN,NaN,NaN,NaN
36.958,-122.017,NaN,WW053117SC,HAB_SCW,2017-05-31T16:10:00Z,14.9,NaN,NaN,25,3.5,3.36,3.43,NaN,NaN,NaN,0.49,22.31,NaN,NaN,1.41,0.75,250,0.73,NaN,NaN,NaN,NaN,260.0,NaN,NaN,NaN,NaN,48500.0,NaN,NaN,NaN,NaN,NaN,NaN
36.958,-122.017,NaN,WW060717SC,HAB_SCW,2017-06-07T16:10:00Z,14.4,NaN,NaN,25,7.32,7.19,7.25,NaN,NaN,NaN,0.62,16.49,NaN,NaN,1.82,3.17,250,0.62,NaN,NaN,NaN,NaN,160.0,NaN,NaN,NaN,NaN,79950.0,NaN,NaN,NaN,NaN,NaN,NaN
36.958,-122.017,NaN,WW061417SC,HAB_SCW,2017-06-14T15:20:00Z,13.3,NaN,NaN,25,11.56,10.69,11.12,NaN,NaN,NaN,0.3,11.79,NaN,NaN,1.86,2.85,250,1.16,NaN,NaN,NaN,NaN,890.0,1790.0,NaN,NaN,NaN,123400.0,NaN,NaN,NaN,NaN,NaN,NaN
36.958,-122.017,NaN,WW062117SC,HAB_SCW,2017-06-21T15:45:00Z,14.7,NaN,NaN,25,4.19,3.96,4.07,NaN,NaN,NaN,0.86,11.08,NaN,NaN,11.18,4.19,250,0.55,NaN,NaN,NaN,NaN,40.0,NaN,NaN,NaN,NaN,15150.0,NaN,NaN,NaN,NaN,NaN,NaN
36.958,-122.017,NaN,WW062817SC,HAB_SCW,2017-06-28T16:30:00Z,15.8,NaN,NaN,25,4.3,4.4,4.35,NaN,NaN,NaN,0.14,3.18,NaN,NaN,2.26,0.8,250,0.32,NaN,NaN,NaN,NaN,50.0,1710.0,NaN,NaN,NaN,5000.0,NaN,NaN,NaN,NaN,NaN,NaN
36.958,-122.017,NaN,WW070517SC,HAB_SCW,2017-07-05T16:30:00Z,15.1,NaN,NaN,25,3.33,2.92,3.12,NaN,NaN,NaN,0.84,20.87,NaN,NaN,6.0,6.69,250,NaN,NaN,NaN,NaN,NaN,0.0,290.0,NaN,NaN,NaN,250.0,NaN,NaN,NaN,NaN,NaN,NaN
36.958,-122.017,NaN,WW071217SC,HAB_SCW,2017-07-12T15:45:00Z,14.7,NaN,NaN,25,5.66,5.82,5.74,NaN,NaN,NaN,0.24,3.62,NaN,NaN,2.79,0.78,250,NaN,NaN,NaN,NaN,NaN,90.0,180.0,NaN,NaN,NaN,3050.0,NaN,NaN,NaN,NaN,NaN,NaN
36.958,-122.017,NaN,WW071917SC,HAB_SCW,2017-07-19T16:15:00Z,15.4,NaN,NaN,25,4.7,4.69,4.7,NaN,NaN,NaN,0.71,13.54,NaN,NaN,7.24,2.29,250,NaN,NaN,NaN,NaN,NaN,180.0,710.0,NaN,NaN,NaN,0.0,NaN,NaN,NaN,NaN,NaN,NaN
36.958,-122.017,NaN,WW072617SC,HAB_SCW,2017-07-26T15:45:00Z,14.4,NaN,NaN,25,7.68,8.41,8.05,NaN,NaN,NaN,1.11,12.4,NaN,NaN,8.04,4.32,250,NaN,NaN,NaN,NaN,NaN,730.0,460.0,NaN,NaN,NaN,0.0,NaN,NaN,NaN,NaN,NaN,NaN
36.958,-122.017,NaN,WW080217SC,HAB_SCW,2017-08-02T16:15:00Z,15.8,NaN,NaN,25,16.65,15.57,16.11,NaN,NaN,NaN,1.67,13.25,NaN,NaN,6.0,4.06,250,0.0,NaN,NaN,NaN,NaN,2170.0,4590.0,NaN,NaN,NaN,0.0,NaN,NaN,NaN,NaN,NaN,NaN
36.958,-122.017,NaN,WW080917SC,HAB_SCW,2017-08-09T16:00:00Z,17.5,NaN,NaN,25,9.75,9.8,9.78,NaN,NaN,NaN,0.43,8.58,NaN,NaN,3.37,1.58,250,0.0,NaN,NaN,NaN,NaN,140.0,1980.0,NaN,NaN,NaN,0.0,NaN,NaN,NaN,NaN,NaN,NaN
36.958,-122.017,NaN,WW081617SC,HAB_SCW,2017-08-16T16:00:00Z,16.0,NaN,NaN,25,5.04,5.18,5.11,NaN,NaN,NaN,0.66,16.61,NaN,NaN,6.03,3.36,250,0.0,NaN,NaN,NaN,NaN,270.0,680.0,NaN,NaN,NaN,0.0,NaN,NaN,NaN,NaN,NaN,NaN
36.958,-122.017,NaN,WW082317SC,HAB_SCW,2017-08-23T16:00:00Z,16.1,NaN,NaN,25,3.36,3.13,3.25,NaN,NaN,NaN,0.43,16.28,NaN,NaN,4.02,2.54,250,0.0,NaN,NaN,NaN,NaN,3110.0,240.0,NaN,NaN,NaN,100.0,NaN,NaN,NaN,NaN,NaN,NaN
36.958,-122.017,NaN,WW083017SC,HAB_SCW,2017-08-30T16:00:00Z,17.3,NaN,NaN,25,2.56,2.44,2.5,NaN,NaN,NaN,0.81,18.59,NaN,NaN,6.08,2.37,250,0.0,NaN,NaN,NaN,NaN,100.0,460.0,NaN,NaN,NaN,0.0,NaN,NaN,NaN,NaN,NaN,NaN
36.958,-122.017,NaN,WW090617SC,HAB_SCW,2017-09-06T15:45:00Z,14.5,NaN,NaN,25,71.84,72.54,72.19,NaN,NaN,NaN,1.08,21.18,NaN,NaN,0.08,6.79,150,0.0,NaN,NaN,NaN,NaN,1300.0,1350.0,NaN,NaN,NaN,0.0,NaN,NaN,NaN,NaN,NaN,NaN
36.958,-122.017,NaN,WW091317SC,HAB_SCW,2017-09-13T16:00:00Z,17.8,NaN,NaN,25,25.15,23.75,24.45,NaN,NaN,NaN,0.5,13.02,NaN,NaN,4.27,0.67,250,0.0,NaN,NaN,NaN,NaN,90.0,11600.0,NaN,NaN,NaN,0.0,NaN,NaN,NaN,NaN,NaN,NaN
36.958,-122.017,NaN,WW092017SC,HAB_SCW,2017-09-20T17:45:00Z,17.9,NaN,NaN,25,14.69,13.59,14.14,NaN,NaN,NaN,0.6,15.19,NaN,NaN,4.71,1.43,250,0.0,NaN,NaN,NaN,NaN,480.0,2053.0,NaN,NaN,NaN,0.0,NaN,NaN,NaN,NaN,NaN,NaN
36.958,-122.017,NaN,WW092717SC,HAB_SCW,2017-09-27T16:15:00Z,16.9,NaN,NaN,25,5.23,6.26,5.75,NaN,NaN,NaN,0.77,13.78,NaN,NaN,2.73,0.96,250,0.0,NaN,NaN,NaN,NaN,830.0,460.0,NaN,NaN,NaN,0.0,NaN,NaN,NaN,NaN,NaN,NaN
36.958,-122.017,NaN,WW100417SC,HAB_SCW,2017-10-04T15:00:00Z,14.7,NaN,NaN,25,6.18,6.89,6.53,NaN,NaN,NaN,0.52,15.57,NaN,NaN,1.97,0.63,250,0.0,NaN,NaN,NaN,NaN,210.0,850.0,NaN,NaN,NaN,0.0,NaN,NaN,NaN,NaN,NaN,NaN
36.958,-122.017,NaN,WW101117SC,HAB_SCW,2017-10-11T15:30:00Z,14.7,NaN,NaN,25,9.05,10.87,9.96,NaN,NaN,NaN,0.47,22.22,NaN,NaN,0.67,0.05,250,0.0,NaN,NaN,NaN,NaN,0.0,NaN,NaN,NaN,NaN,0.0,NaN,NaN,NaN,NaN,NaN,NaN
36.958,-122.017,NaN,WW101817SC,HAB_SCW,2017-10-18T15:15:00Z,13.1,NaN,NaN,25,18.96,18.96,18.96,NaN,NaN,NaN,0.88,23.78,NaN,NaN,0.89,0.17,250,0.0,NaN,NaN,NaN,NaN,0.0,280.0,NaN,NaN,NaN,0.0,NaN,NaN,NaN,NaN,NaN,NaN
36.958,-122.017,NaN,WW102517SC,HAB_SCW,2017-10-25T15:30:00Z,14.3,NaN,NaN,25,15.76,15.76,15.76,NaN,NaN,NaN,0.5,22.03,NaN,NaN,0.97,0.44,250,0.0,NaN,NaN,NaN,NaN,0.0,NaN,NaN,NaN,NaN,0.0,NaN,NaN,NaN,NaN,NaN,NaN
36.958,-122.017,NaN,WW110117SC,HAB_SCW,2017-11-01T15:30:00Z,13.4,NaN,NaN,25,47.4,42.03,44.72,NaN,NaN,NaN,0.71,23.25,NaN,NaN,0.86,0.0,250,0.0,NaN,NaN,NaN,NaN,80.0,2520.0,NaN,NaN,NaN,0.0,NaN,NaN,NaN,NaN,NaN,NaN
36.958,-122.017,NaN,WW110817SC,HAB_SCW,2017-11-08T16:15:00Z,13.6,NaN,NaN,25,46.99,43.34,45.17,NaN,NaN,NaN,1.02,21.54,NaN,NaN,1.07,0.09,250,0.0,NaN,NaN,NaN,NaN,107.0,267.0,NaN,NaN,NaN,0.0,NaN,NaN,NaN,NaN,NaN,NaN
36.958,-122.017,NaN,WW111517SC,HAB_SCW,2017-11-15T16:45:00Z,14.1,NaN,NaN,25,19.32,19.32,19.32,NaN,NaN,NaN,0.59,19.59,NaN,NaN,1.87,0.08,250,0.0,NaN,NaN,NaN,NaN,20.0,NaN,NaN,NaN,NaN,0.0,NaN,NaN,NaN,NaN,NaN,NaN
36.958,-122.017,NaN,WW112217SC,HAB_SCW,2017-11-22T16:40:00Z,15.4,NaN,NaN,25,21.5,19.36,20.43,NaN,NaN,NaN,0.36,15.74,NaN,NaN,0.83,0.25,250,0.0,NaN,NaN,NaN,NaN,140.0,110.0,NaN,NaN,NaN,0.0,NaN,NaN,NaN,NaN,NaN,NaN
36.958,-122.017,NaN,WW112917SC,HAB_SCW,2017-11-29T16:00:00Z,13.6,NaN,NaN,25,2.98,3.69,3.33,NaN,NaN,NaN,1.05,11.22,NaN,NaN,5.69,4.49,250,0.0,NaN,NaN,NaN,NaN,0.0,NaN,NaN,NaN,NaN,0.0,NaN,NaN,NaN,NaN,NaN,NaN
36.958,-122.017,NaN,WW120617SC,HAB_SCW,2017-12-06T16:30:00Z,12.1,NaN,NaN,25,2.39,2.16,2.28,NaN,NaN,NaN,0.96,15.27,NaN,NaN,3.68,6.75,250,0.0,NaN,NaN,NaN,NaN,0.0,NaN,NaN,NaN,NaN,0.0,NaN,NaN,NaN,NaN,NaN,NaN
36.958,-122.017,NaN,WW121317SC,HAB_SCW,2017-12-13T17:15:00Z,12.1,NaN,NaN,25,2.4,2.3,2.35,NaN,NaN,NaN,0.78,13.22,NaN,NaN,3.72,3.69,250,0.0,NaN,NaN,NaN,NaN,0.0,NaN,NaN,NaN,NaN,0.0,NaN,NaN,NaN,NaN,NaN,NaN
36.958,-122.017,NaN,WW011018SC,HAB_SCW,2018-01-10T16:15:00Z,13.3,NaN,NaN,25,4.06,3.63,3.85,NaN,NaN,NaN,0.62,10.23,NaN,NaN,3.37,1.79,250,0.0,NaN,NaN,NaN,NaN,53.0,NaN,NaN,NaN,NaN,0.0,NaN,NaN,NaN,NaN,NaN,NaN
36.958,-122.017,NaN,WW011718SC,HAB_SCW,2018-01-17T16:30:00Z,14.1,NaN,NaN,25,11.08,11.39,11.24,NaN,NaN,NaN,0.42,11.12,NaN,NaN,1.45,0.58,250,0.0,NaN,NaN,NaN,NaN,220.0,NaN,NaN,NaN,NaN,0.0,NaN,NaN,NaN,NaN,NaN,NaN
36.958,-122.017,NaN,WW012418SC,HAB_SCW,2018-01-24T16:45:00Z,12.8,NaN,NaN,25,1.15,1.03,1.09,NaN,NaN,NaN,0.76,15.61,NaN,NaN,3.59,5.59,250,0.0,NaN,NaN,NaN,NaN,70.0,10.0,NaN,NaN,NaN,0.0,NaN,NaN,NaN,NaN,NaN,NaN
36.958,-122.017,NaN,WW013118SC,HAB_SCW,2018-01-31T17:30:00Z,13.5,NaN,NaN,25,2.56,2.29,2.42,NaN,NaN,NaN,0.69,13.41,NaN,NaN,4.17,4.98,250,0.23,NaN,NaN,NaN,NaN,70.0,80.0,NaN,NaN,NaN,0.0,NaN,NaN,NaN,NaN,NaN,NaN
36.958,-122.017,NaN,WW020718SC,HAB_SCW,2018-02-07T17:15:00Z,13.7,NaN,NaN,25,10.25,10.57,10.41,NaN,NaN,NaN,0.26,8.04,NaN,NaN,1.06,0.67,250,0.05,NaN,NaN,NaN,NaN,4680.0,650.0,NaN,NaN,NaN,2950.0,NaN,NaN,NaN,NaN,NaN,NaN
36.958,-122.017,NaN,WW021418SC,HAB_SCW,2018-02-14T17:15:00Z,12.9,NaN,NaN,25,4.72,4.76,4.74,NaN,NaN,NaN,0.63,12.16,NaN,NaN,4.57,3.73,250,0.0,NaN,NaN,NaN,NaN,1970.0,920.0,NaN,NaN,NaN,0.0,NaN,NaN,NaN,NaN,NaN,NaN
36.958,-122.017,NaN,WW022118SC,HAB_SCW,2018-02-21T17:15:00Z,11.7,NaN,NaN,25,4.93,4.93,4.93,NaN,NaN,NaN,1.39,20.7,NaN,NaN,4.35,13.98,250,NaN,NaN,NaN,NaN,NaN,14.0,0.0,NaN,NaN,NaN,2200.0,NaN,NaN,NaN,NaN,NaN,NaN
36.958,-122.017,NaN,WW022818SC,HAB_SCW,2018-02-28T16:15:00Z,11.7,NaN,NaN,25,6.3,6.65,6.47,NaN,NaN,NaN,0.86,15.21,NaN,NaN,2.55,11.6,250,0.16,NaN,NaN,NaN,NaN,50.0,NaN,NaN,NaN,NaN,39600.0,NaN,NaN,NaN,NaN,NaN,NaN
36.958,-122.017,NaN,WW030718SC,HAB_SCW,2018-03-07T17:45:00Z,11.8,NaN,NaN,25,3.17,3.23,3.2,NaN,NaN,NaN,0.92,18.25,NaN,NaN,5.07,9.63,250,0.01,NaN,NaN,NaN,NaN,140.0,220.0,NaN,NaN,NaN,0.0,NaN,NaN,NaN,NaN,NaN,NaN
36.958,-122.017,NaN,WW031418SC,HAB_SCW,2018-03-14T16:15:00Z,12.7,NaN,NaN,25,4.18,3.96,4.07,NaN,NaN,NaN,0.48,18.3,NaN,NaN,4.75,1.39,250,0.01,NaN,NaN,NaN,NaN,920.0,820.0,NaN,NaN,NaN,0.0,NaN,NaN,NaN,NaN,NaN,NaN
36.958,-122.017,NaN,WW032118SC,HAB_SCW,2018-03-21T16:45:00Z,13.0,NaN,NaN,25,15.02,12.12,13.57,NaN,NaN,NaN,0.41,15.11,NaN,NaN,2.6,0.98,250,0.0,NaN,NaN,NaN,NaN,660.0,NaN,NaN,NaN,NaN,0.0,NaN,NaN,NaN,NaN,NaN,NaN
36.958,-122.017,NaN,WW032818SC,HAB_SCW,2018-03-28T17:20:00Z,14.7,NaN,NaN,25,3.63,3.52,3.57,NaN,NaN,NaN,0.49,11.67,NaN,NaN,4.16,0.81,250,0.01,NaN,NaN,NaN,NaN,20.0,934.0,NaN,NaN,NaN,600.0,NaN,NaN,NaN,NaN,NaN,NaN
36.958,-122.017,NaN,WW040318SC,HAB_SCW,2018-04-03T16:30:00Z,16.2,NaN,NaN,25,2.32,1.86,2.09,NaN,NaN,NaN,1.24,6.71,NaN,NaN,17.97,0.9,250,0.03,NaN,NaN,NaN,NaN,0.0,NaN,NaN,NaN,NaN,0.0,NaN,NaN,NaN,NaN,NaN,NaN
36.958,-122.017,NaN,WW041118SC,HAB_SCW,2018-04-11T16:15:00Z,13.8,NaN,NaN,25,4.14,4.55,4.35,NaN,NaN,NaN,0.86,14.29,NaN,NaN,5.24,3.31,250,0.1,NaN,NaN,NaN,NaN,0.0,100.0,NaN,NaN,NaN,800.0,NaN,NaN,NaN,NaN,NaN,NaN
36.958,-122.017,NaN,WW041818SC,HAB_SCW,2018-04-18T16:30:00Z,11.9,NaN,NaN,25,8.23,8.3,8.26,NaN,NaN,NaN,2.23,22.51,NaN,NaN,19.68,14.5,250,0.08,NaN,NaN,NaN,NaN,10.0,20.0,NaN,NaN,NaN,2300.0,NaN,NaN,NaN,NaN,NaN,NaN
36.958,-122.017,NaN,WW042518SC,HAB_SCW,2018-04-25T16:45:00Z,13.5,NaN,NaN,25,9.28,8.91,9.1,NaN,NaN,NaN,0.7,12.51,NaN,NaN,5.74,2.72,250,0.0,NaN,NaN,NaN,NaN,780.0,760.0,NaN,NaN,NaN,4400.0,NaN,NaN,NaN,NaN,NaN,NaN
36.958,-122.017,NaN,WW050218SC,HAB_SCW,2018-05-02T16:00:00Z,13.7,NaN,NaN,25,4.98,4.91,4.95,NaN,NaN,NaN,0.79,12.45,NaN,NaN,1.25,4.39,250,0.09,NaN,NaN,NaN,NaN,810.0,NaN,NaN,NaN,NaN,1600.0,NaN,NaN,NaN,NaN,NaN,NaN
36.958,-122.017,NaN,WW050918SC,HAB_SCW,2018-05-09T16:45:00Z,15.5,NaN,NaN,25,23.21,22.69,22.95,NaN,NaN,NaN,0.8,21.01,NaN,NaN,0.86,0.08,250,0.0,NaN,NaN,NaN,NaN,200.0,700.0,NaN,NaN,NaN,2650.0,NaN,NaN,NaN,NaN,NaN,NaN
36.958,-122.017,NaN,WW051618SC,HAB_SCW,2018-05-16T16:30:00Z,13.0,NaN,NaN,25,8.39,7.75,8.07,NaN,NaN,NaN,1.18,19.04,NaN,NaN,3.48,1.89,250,0.0,NaN,NaN,NaN,NaN,340.0,200.0,NaN,NaN,NaN,5750.0,NaN,NaN,NaN,NaN,NaN,NaN
36.958,-122.017,NaN,WW052318SC,HAB_SCW,2018-05-23T16:45:00Z,14.1,NaN,NaN,25,4.44,4.36,4.4,NaN,NaN,NaN,1.03,23.24,NaN,NaN,3.23,2.98,250,0.03,NaN,NaN,NaN,NaN,370.0,NaN,NaN,NaN,NaN,1400.0,NaN,NaN,NaN,NaN,NaN,NaN
36.958,-122.017,NaN,WW053018SC,HAB_SCW,2018-05-30T17:15:00Z,16.5,NaN,NaN,25,8.14,8.8,8.47,NaN,NaN,NaN,0.51,11.54,NaN,NaN,0.88,0.16,250,0.07,NaN,NaN,NaN,NaN,330.0,NaN,NaN,NaN,NaN,2450.0,NaN,NaN,NaN,NaN,NaN,NaN
36.958,-122.017,NaN,WW060618SC,HAB_SCW,2018-06-06T16:30:00Z,16.1,NaN,NaN,25,5.71,4.95,5.33,NaN,NaN,NaN,0.37,1.55,NaN,NaN,1.13,0.01,250,0.52,NaN,NaN,NaN,NaN,60.0,160.0,NaN,NaN,NaN,650.0,NaN,NaN,NaN,NaN,NaN,NaN
36.958,-122.017,NaN,WW061318SC,HAB_SCW,2018-06-13T16:30:00Z,15.7,NaN,NaN,25,8.37,8.66,8.52,NaN,NaN,NaN,0.63,10.07,NaN,NaN,1.81,1.1,250,0.1,NaN,NaN,NaN,NaN,40.0,NaN,NaN,NaN,NaN,0.0,NaN,NaN,NaN,NaN,NaN,NaN
36.958,-122.017,NaN,WW062018SC,HAB_SCW,2018-06-20T16:30:00Z,15.7,NaN,NaN,25,5.01,4.71,4.86,NaN,NaN,NaN,0.68,4.91,NaN,NaN,2.21,0.48,250,0.0,NaN,NaN,NaN,NaN,0.0,350.0,NaN,NaN,NaN,0.0,NaN,NaN,NaN,NaN,NaN,NaN
36.958,-122.017,NaN,WW062818SC,HAB_SCW,2018-06-28T17:45:00Z,16.7,NaN,NaN,25,3.29,3.44,3.37,NaN,NaN,NaN,0.57,6.04,NaN,NaN,2.64,1.46,250,0.05,NaN,NaN,NaN,NaN,0.0,NaN,NaN,NaN,NaN,0.0,NaN,NaN,NaN,NaN,NaN,NaN
36.958,-122.017,NaN,WW070518SC,HAB_SCW,2018-07-05T15:45:00Z,15.7,NaN,NaN,25,6.54,5.68,6.11,NaN,NaN,NaN,0.66,7.55,NaN,NaN,3.44,2.04,250,0.02,NaN,NaN,NaN,NaN,70.0,5200.0,NaN,NaN,NaN,0.0,NaN,NaN,NaN,NaN,NaN,NaN
36.958,-122.017,NaN,WW071118SC,HAB_SCW,2018-07-11T16:00:00Z,18.0,NaN,NaN,25,5.87,5.29,5.58,NaN,NaN,NaN,0.84,7.47,NaN,NaN,3.24,4.32,250,0.83,NaN,NaN,NaN,NaN,80.0,5600.0,NaN,NaN,NaN,2100.0,NaN,NaN,NaN,NaN,NaN,NaN
36.958,-122.017,NaN,WW071818SC,HAB_SCW,2018-07-18T15:30:00Z,17.0,NaN,NaN,25,6.75,6.87,6.81,NaN,NaN,NaN,0.16,2.72,NaN,NaN,0.84,0.09,250,0.79,NaN,NaN,NaN,NaN,0.0,1734.0,NaN,NaN,NaN,1700.0,NaN,NaN,NaN,NaN,NaN,NaN
36.958,-122.017,NaN,WW072518SC,HAB_SCW,2018-07-25T16:45:00Z,18.7,NaN,NaN,25,8.01,8.31,8.16,NaN,NaN,NaN,0.55,10.56,NaN,NaN,3.04,0.81,250,0.02,NaN,NaN,NaN,NaN,40.0,1125.0,NaN,NaN,NaN,0.0,NaN,NaN,NaN,NaN,NaN,NaN
36.958,-122.017,NaN,WW080118SC,HAB_SCW,2018-08-01T14:45:00Z,18.1,NaN,NaN,25,17.4,16.47,16.94,NaN,NaN,NaN,0.73,41.43,NaN,NaN,4.68,0.41,250,0.02,NaN,NaN,NaN,NaN,240.0,3150.0,NaN,NaN,NaN,0.0,NaN,NaN,NaN,NaN,NaN,NaN
36.958,-122.017,NaN,WW080818SC,HAB_SCW,2018-08-08T16:30:00Z,16.2,NaN,NaN,25,45.69,41.13,43.41,NaN,NaN,NaN,0.86,17.32,NaN,NaN,8.17,3.4,250,0.05,NaN,NaN,NaN,NaN,180.0,NaN,NaN,NaN,NaN,0.0,NaN,NaN,NaN,NaN,NaN,NaN
36.958,-122.017,NaN,WW081518SC,HAB_SCW,2018-08-15T17:15:00Z,17.4,NaN,NaN,25,18.13,18.34,18.23,NaN,NaN,NaN,0.62,8.28,NaN,NaN,5.26,1.67,250,0.14,NaN,NaN,NaN,NaN,400.0,1450.0,NaN,NaN,NaN,0.0,NaN,NaN,NaN,NaN,NaN,NaN
36.958,-122.017,NaN,WW082218SC,HAB_SCW,2018-08-22T18:50:00Z,17.8,NaN,NaN,25,12.12,11.5,11.81,NaN,NaN,NaN,1.05,9.32,NaN,NaN,6.1,1.24,250,0.0,NaN,NaN,NaN,NaN,610.0,22933.0,NaN,NaN,NaN,0.0,NaN,NaN,NaN,NaN,NaN,NaN
36.958,-122.017,NaN,WW082918SC,HAB_SCW,2018-08-29T17:30:00Z,18.2,NaN,NaN,25,9.41,10.08,9.74,NaN,NaN,NaN,0.93,12.8,NaN,NaN,6.01,0.93,250,0.0,NaN,NaN,NaN,NaN,20.0,1175.0,NaN,NaN,NaN,0.0,NaN,NaN,NaN,NaN,NaN,NaN
36.958,-122.017,NaN,WW090518SC,HAB_SCW,2018-09-05T16:50:00Z,17.7,NaN,NaN,25,7.52,8.18,7.85,NaN,NaN,NaN,0.56,14.27,NaN,NaN,1.55,0.36,250,0.0,NaN,NaN,NaN,NaN,0.0,2850.0,NaN,NaN,NaN,0.0,NaN,NaN,NaN,NaN,NaN,NaN
36.958,-122.017,NaN,WW091218SC,HAB_SCW,2018-09-12T17:50:00Z,18.4,NaN,NaN,25,5.99,6.18,6.09,NaN,NaN,NaN,0.58,12.7,NaN,NaN,2.75,1.52,250,0.0,NaN,NaN,NaN,NaN,0.0,NaN,NaN,NaN,NaN,0.0,NaN,NaN,NaN,NaN,NaN,NaN
36.958,-122.017,NaN,WW091918SC,HAB_SCW,2018-09-19T16:30:00Z,15.3,NaN,NaN,25,4.06,4.21,4.13,NaN,NaN,NaN,0.47,11.22,NaN,NaN,3.8,1.95,250,0.0,NaN,NaN,NaN,NaN,0.0,450.0,NaN,NaN,NaN,0.0,NaN,NaN,NaN,NaN,NaN,NaN
36.958,-122.017,NaN,WW092618SC,HAB_SCW,2018-09-26T17:15:00Z,15.9,NaN,NaN,25,7.64,8.1,7.87,NaN,NaN,NaN,0.95,15.34,NaN,NaN,4.07,3.1,250,0.0,NaN,NaN,NaN,NaN,0.0,1650.0,NaN,NaN,NaN,0.0,NaN,NaN,NaN,NaN,NaN,NaN
36.958,-122.017,NaN,WW100318SC,HAB_SCW,2018-10-03T15:45:00Z,16.0,NaN,NaN,25,3.22,3.21,3.22,NaN,NaN,NaN,0.49,8.93,NaN,NaN,3.24,0.64,250,0.0,NaN,NaN,NaN,NaN,0.0,833.0,NaN,NaN,NaN,0.0,NaN,NaN,NaN,NaN,NaN,NaN
36.958,-122.017,NaN,WW101018SC,HAB_SCW,2018-10-10T15:30:00Z,16.7,NaN,NaN,25,5.75,5.05,5.4,NaN,NaN,NaN,0.84,8.6,NaN,NaN,5.68,1.37,250,0.0,NaN,NaN,NaN,NaN,0.0,867.0,NaN,NaN,NaN,0.0,NaN,NaN,NaN,NaN,NaN,NaN
36.958,-122.017,NaN,WW101718SC,HAB_SCW,2018-10-17T15:45:00Z,16.0,NaN,NaN,25,2.02,3.18,2.6,NaN,NaN,NaN,0.84,9.46,NaN,NaN,5.91,0.9,250,0.0,NaN,NaN,NaN,NaN,0.0,150.0,NaN,NaN,NaN,0.0,NaN,NaN,NaN,NaN,NaN,NaN
36.958,-122.017,NaN,WW103118SC,HAB_SCW,2018-10-31T16:00:00Z,15.7,NaN,NaN,25,7.15,7.95,7.55,NaN,NaN,NaN,0.81,13.56,NaN,NaN,3.2,1.85,250,0.01,NaN,NaN,NaN,NaN,0.0,225.0,NaN,NaN,NaN,0.0,NaN,NaN,NaN,NaN,NaN,NaN
36.958,-122.017,NaN,WW110718SC,HAB_SCW,2018-11-07T17:15:00Z,14.4,NaN,NaN,25,6.05,5.62,5.83,NaN,NaN,NaN,1.12,16.2,NaN,NaN,5.22,5.83,250,0.03,NaN,NaN,NaN,NaN,0.0,425.0,NaN,NaN,NaN,0.0,NaN,NaN,NaN,NaN,NaN,NaN
36.958,-122.017,NaN,WW111418SC,HAB_SCW,2018-11-14T17:15:00Z,13.3,NaN,NaN,25,3.92,3.82,3.87,NaN,NaN,NaN,0.83,13.66,NaN,NaN,4.68,3.45,250,0.0,NaN,NaN,NaN,NaN,0.0,150.0,NaN,NaN,NaN,0.0,NaN,NaN,NaN,NaN,NaN,NaN
36.958,-122.017,NaN,WW112118SC,HAB_SCW,2018-11-21T17:45:00Z,14.9,NaN,NaN,25,11.29,12.54,11.91,NaN,NaN,NaN,0.61,11.73,NaN,NaN,2.97,1.44,250,0.04,NaN,NaN,NaN,NaN,1320.0,4350.0,NaN,NaN,NaN,0.0,NaN,NaN,NaN,NaN,NaN,NaN
36.958,-122.017,NaN,WW112818SC,HAB_SCW,2018-11-28T17:45:00Z,16.7,NaN,NaN,25,8.13,5.2,6.67,NaN,NaN,NaN,0.73,7.33,NaN,NaN,4.79,1.89,250,0.0,NaN,NaN,NaN,NaN,547.0,400.0,NaN,NaN,NaN,0.0,NaN,NaN,NaN,NaN,NaN,NaN
36.958,-122.017,NaN,WW120518SC,HAB_SCW,2018-12-05T17:30:00Z,15.9,NaN,NaN,25,3.72,3.39,3.55,NaN,NaN,NaN,0.8,9.27,NaN,NaN,9.82,2.3,250,0.04,NaN,NaN,NaN,NaN,0.0,0.0,NaN,NaN,NaN,0.0,NaN,NaN,NaN,NaN,NaN,NaN
36.958,-122.017,NaN,WW121218SC,HAB_SCW,2018-12-12T17:30:00Z,15.4,NaN,NaN,25,1.56,1.51,1.54,NaN,NaN,NaN,0.89,11.41,NaN,NaN,6.56,3.75,250,0.0,NaN,NaN,NaN,NaN,0.0,0.0,NaN,NaN,NaN,0.0,NaN,NaN,NaN,NaN,NaN,NaN
36.958,-122.017,NaN,WW121918SC,HAB_SCW,2018-12-19T17:30:00Z,15.1,NaN,NaN,25,2.67,3.22,2.95,NaN,NaN,NaN,0.41,12.98,NaN,NaN,3.31,3.57,250,0.03,NaN,NaN,NaN,NaN,530.0,700.0,NaN,NaN,NaN,0.0,NaN,NaN,NaN,NaN,NaN,NaN
36.958,-122.017,NaN,WW010919SC,HAB_SCW,2019-01-09T17:30:00Z,14.0,NaN,NaN,25,1.26,1.28,1.27,NaN,NaN,NaN,0.49,10.24,NaN,NaN,1.98,4.51,250,0.02,NaN,NaN,NaN,NaN,40.0,10.0,NaN,NaN,NaN,0.0,NaN,NaN,NaN,NaN,NaN,NaN
36.958,-122.017,NaN,WW011619SC,HAB_SCW,2019-01-16T17:30:00Z,13.9,NaN,NaN,25,1.26,1.17,1.22,NaN,NaN,NaN,0.79,62.07,NaN,NaN,2.98,8.08,250,0.0,NaN,NaN,NaN,NaN,0.0,40.0,NaN,NaN,NaN,0.0,NaN,NaN,NaN,NaN,NaN,NaN
36.958,-122.017,NaN,WW012319SC,HAB_SCW,2019-01-23T17:20:00Z,13.1,NaN,NaN,25,1.3,1.49,1.39,NaN,NaN,NaN,0.51,16.28,NaN,NaN,2.73,4.44,250,0.0,NaN,NaN,NaN,NaN,0.0,0.0,NaN,NaN,NaN,0.0,NaN,NaN,NaN,NaN,NaN,NaN
36.958,-122.017,NaN,WW013019SC,HAB_SCW,2019-01-30T17:30:00Z,14.0,NaN,NaN,25,1.17,1.19,1.18,NaN,NaN,NaN,0.41,21.44,NaN,NaN,3.78,2.03,250,0.0,NaN,NaN,NaN,NaN,0.0,0.0,NaN,NaN,NaN,0.0,NaN,NaN,NaN,NaN,NaN,NaN
36.958,-122.017,NaN,WW020619SC,HAB_SCW,2019-02-06T17:10:00Z,12.5,NaN,NaN,25,0.66,0.66,0.66,NaN,NaN,NaN,0.4,32.34,NaN,NaN,2.89,3.86,250,0.02,NaN,NaN,NaN,NaN,0.0,0.0,NaN,NaN,NaN,0.0,NaN,NaN,NaN,NaN,NaN,NaN
36.958,-122.017,NaN,WW021319SC,HAB_SCW,2019-02-13T17:30:00Z,12.3,NaN,NaN,25,2.77,3.11,2.94,NaN,NaN,NaN,0.53,32.09,NaN,NaN,2.26,5.78,250,0.0,NaN,NaN,NaN,NaN,0.0,0.0,NaN,NaN,NaN,350.0,NaN,NaN,NaN,NaN,NaN,NaN
36.958,-122.017,NaN,WW022019SC,HAB_SCW,2019-02-20T16:40:00Z,12.9,NaN,NaN,25,1.18,1.16,1.17,NaN,NaN,NaN,0.35,36.95,NaN,NaN,1.29,5.89,250,0.0,NaN,NaN,NaN,NaN,20.0,0.0,NaN,NaN,NaN,0.0,NaN,NaN,NaN,NaN,NaN,NaN
36.958,-122.017,NaN,WW022719SC,HAB_SCW,2019-02-27T17:10:00Z,13.5,NaN,NaN,25,2.13,2.36,2.25,NaN,NaN,NaN,0.94,73.44,NaN,NaN,2.08,8.76,250,0.0,NaN,NaN,NaN,NaN,140.0,0.0,NaN,NaN,NaN,0.0,NaN,NaN,NaN,NaN,NaN,NaN
36.958,-122.017,NaN,WW030619SC,HAB_SCW,2019-03-06T17:20:00Z,14.4,NaN,NaN,25,5.7,5.05,5.37,NaN,NaN,NaN,2.55,44.93,NaN,NaN,1.28,3.61,250,0.0,NaN,NaN,NaN,NaN,140.0,0.0,NaN,NaN,NaN,7000.0,NaN,NaN,NaN,NaN,NaN,NaN
36.958,-122.017,NaN,WW031319SC,HAB_SCW,2019-03-13T16:25:00Z,12.9,NaN,NaN,25,3.92,3.87,3.9,NaN,NaN,NaN,0.23,14.19,NaN,NaN,3.61,2.04,250,0.0,NaN,NaN,NaN,NaN,40.0,20.0,NaN,NaN,NaN,0.0,NaN,NaN,NaN,NaN,NaN,NaN
36.958,-122.017,NaN,WW032119SC,HAB_SCW,2019-03-21T16:00:00Z,13.7,NaN,NaN,25,2.2,2.27,2.23,NaN,NaN,NaN,0.22,14.24,NaN,NaN,2.02,0.46,250,0.0,NaN,NaN,NaN,NaN,210.0,20.0,NaN,NaN,NaN,2600.0,NaN,NaN,NaN,NaN,NaN,NaN
36.958,-122.017,NaN,WW032719SC,HAB_SCW,2019-03-27T16:20:00Z,14.5,NaN,NaN,25,2.01,1.79,1.9,NaN,NaN,NaN,0.41,66.58,NaN,NaN,2.47,2.28,250,0.0,NaN,NaN,NaN,NaN,210.0,140.0,NaN,NaN,NaN,1750.0,NaN,NaN,NaN,NaN,NaN,NaN
36.958,-122.017,NaN,WW040319SC,HAB_SCW,2019-04-03T16:30:00Z,14.4,NaN,NaN,25,2.24,2.12,2.18,NaN,NaN,NaN,0.36,14.99,NaN,NaN,3.33,1.64,250,0.0,NaN,NaN,NaN,NaN,190.0,30.0,NaN,NaN,NaN,0.0,NaN,NaN,NaN,NaN,NaN,NaN
36.958,-122.017,NaN,WW041019SC,HAB_SCW,2019-04-10T16:15:00Z,13.1,NaN,NaN,25,2.51,2.22,2.36,NaN,NaN,NaN,1.94,32.74,NaN,NaN,3.95,6.58,250,0.0,NaN,NaN,NaN,NaN,0.0,20.0,NaN,NaN,NaN,0.0,NaN,NaN,NaN,NaN,NaN,NaN
36.958,-122.017,NaN,WW041719SC,HAB_SCW,2019-04-17T16:20:00Z,14.6,NaN,NaN,25,4.74,4.43,4.59,NaN,NaN,NaN,0.15,11.97,NaN,NaN,0.69,0.0,250,0.01,NaN,NaN,NaN,NaN,580.0,120.0,NaN,NaN,NaN,120.0,NaN,NaN,NaN,NaN,NaN,NaN
36.958,-122.017,NaN,WW042419SC,HAB_SCW,2019-04-24T16:20:00Z,15.7,NaN,NaN,25,4.7,4.38,4.54,NaN,NaN,NaN,0.41,57.47,NaN,NaN,3.12,1.31,250,0.0,NaN,NaN,NaN,NaN,1500.0,400.0,NaN,NaN,NaN,50.0,NaN,NaN,NaN,NaN,NaN,NaN
36.958,-122.017,NaN,WW050119SC,HAB_SCW,2019-05-01T16:30:00Z,14.0,NaN,NaN,25,7.65,6.97,7.31,NaN,NaN,NaN,0.43,20.14,NaN,NaN,1.41,1.85,250,0.0,NaN,NaN,NaN,NaN,21950.0,2600.0,NaN,NaN,NaN,0.0,NaN,NaN,NaN,NaN,NaN,NaN
36.958,-122.017,NaN,WW050819SC,HAB_SCW,2019-05-08T16:30:00Z,14.7,NaN,NaN,25,2.82,2.78,2.8,NaN,NaN,NaN,0.54,30.84,NaN,NaN,3.1,2.22,250,0.0,NaN,NaN,NaN,NaN,40.0,300.0,NaN,NaN,NaN,0.0,NaN,NaN,NaN,NaN,NaN,NaN
36.958,-122.017,NaN,WW051519SC,HAB_SCW,2019-05-15T16:25:00Z,16.5,NaN,NaN,25,4.31,3.96,4.14,NaN,NaN,NaN,0.31,16.61,NaN,NaN,2.19,1.07,250,0.0,NaN,NaN,NaN,NaN,60.0,225.0,NaN,NaN,NaN,800.0,NaN,NaN,NaN,NaN,NaN,NaN
36.958,-122.017,NaN,WW052219SC,HAB_SCW,2019-05-22T16:20:00Z,14.9,NaN,NaN,25,6.6,6.86,6.73,NaN,NaN,NaN,0.57,17.6,NaN,NaN,3.12,4.19,250,0.0,NaN,NaN,NaN,NaN,0.0,20.0,NaN,NaN,NaN,1050.0,NaN,NaN,NaN,NaN,NaN,NaN
36.958,-122.017,NaN,WW052919SC,HAB_SCW,2019-05-29T16:20:00Z,15.8,NaN,NaN,25,3.09,3.28,3.18,NaN,NaN,NaN,0.13,15.81,NaN,NaN,0.5,0.0,250,0.18,NaN,NaN,NaN,NaN,1330.0,1133.0,NaN,NaN,NaN,22850.0,NaN,NaN,NaN,NaN,NaN,NaN
36.958,-122.017,NaN,WW060519SC,HAB_SCW,2019-06-05T17:15:00Z,16.0,NaN,NaN,25,3.8,3.54,3.67,NaN,NaN,NaN,0.48,24.24,NaN,NaN,3.81,1.09,250,0.03,NaN,NaN,NaN,NaN,270.0,150.0,NaN,NaN,NaN,650.0,NaN,NaN,NaN,NaN,NaN,NaN
36.958,-122.017,NaN,WW061219SC,HAB_SCW,2019-06-12T16:30:00Z,17.9,NaN,NaN,25,4.16,3.49,3.83,NaN,NaN,NaN,0.6,33.53,NaN,NaN,6.52,2.18,250,0.0,NaN,NaN,NaN,NaN,60.0,370.0,NaN,NaN,NaN,0.0,NaN,NaN,NaN,NaN,NaN,NaN
36.958,-122.017,NaN,WW061919SC,HAB_SCW,2019-06-19T15:30:00Z,15.1,NaN,NaN,25,4.19,2.72,3.46,NaN,NaN,NaN,0.55,36.01,NaN,NaN,3.49,4.44,250,0.74,NaN,NaN,NaN,NaN,110.0,990.0,NaN,NaN,NaN,39300.0,NaN,NaN,NaN,NaN,NaN,NaN
36.958,-122.017,NaN,WW062619SC,HAB_SCW,2019-06-26T16:20:00Z,17.9,NaN,NaN,25,2.84,2.37,2.61,NaN,NaN,NaN,0.09,14.11,NaN,NaN,3.02,0.22,250,0.0,NaN,NaN,NaN,NaN,20.0,1070.0,NaN,NaN,NaN,0.0,NaN,NaN,NaN,NaN,NaN,NaN
36.958,-122.017,NaN,WW070319SC,HAB_SCW,2019-07-03T15:15:00Z,17.8,NaN,NaN,25,4.06,3.79,3.92,NaN,NaN,NaN,0.3,14.09,NaN,NaN,2.43,1.49,250,0.0,NaN,NaN,NaN,NaN,10.0,NaN,NaN,NaN,NaN,0.0,NaN,NaN,NaN,NaN,NaN,NaN
36.958,-122.017,NaN,WW071019SC,HAB_SCW,2019-07-10T15:30:00Z,16.1,NaN,NaN,25,4.21,4.03,4.12,NaN,NaN,NaN,0.55,18.96,NaN,NaN,3.34,4.42,250,0.0,NaN,NaN,NaN,NaN,20.0,330.0,NaN,NaN,NaN,0.0,NaN,NaN,NaN,NaN,NaN,NaN
36.958,-122.017,NaN,WW071719SC,HAB_SCW,2019-07-17T15:45:00Z,17.4,NaN,NaN,25,4.54,4.43,4.48,NaN,NaN,NaN,0.44,17.24,NaN,NaN,3.52,2.68,250,0.0,NaN,NaN,NaN,NaN,130.0,5350.0,NaN,NaN,NaN,0.0,NaN,NaN,NaN,NaN,NaN,NaN
36.958,-122.017,NaN,WW072419SC,HAB_SCW,2019-07-24T16:20:00Z,16.8,NaN,NaN,25,9.61,9.82,9.71,NaN,NaN,NaN,0.27,10.63,NaN,NaN,4.65,0.34,250,0.01,NaN,NaN,NaN,NaN,390.0,3100.0,NaN,NaN,NaN,0.0,NaN,NaN,NaN,NaN,NaN,NaN
36.958,-122.017,NaN,WW073119SC,HAB_SCW,2019-07-31T16:10:00Z,18.1,NaN,NaN,25,13.45,11.92,12.69,NaN,NaN,NaN,0.04,9.9,NaN,NaN,3.81,0.0,250,0.0,NaN,NaN,NaN,NaN,450.0,8000.0,NaN,NaN,NaN,0.0,NaN,NaN,NaN,NaN,NaN,NaN
36.958,-122.017,NaN,WW080719SC,HAB_SCW,2019-08-07T16:50:00Z,16.1,NaN,NaN,25,6.17,6.61,6.39,NaN,NaN,NaN,0.78,24.24,NaN,NaN,7.82,3.3,250,0.0,NaN,NaN,NaN,NaN,310.0,2150.0,NaN,NaN,NaN,0.0,NaN,NaN,NaN,NaN,NaN,NaN
36.958,-122.017,NaN,WW081419SC,HAB_SCW,2019-08-14T16:15:00Z,17.9,NaN,NaN,25,19.95,21.4,20.68,NaN,NaN,NaN,0.44,18.58,NaN,NaN,4.96,0.35,250,0.0,NaN,NaN,NaN,NaN,3500.0,3300.0,NaN,NaN,NaN,0.0,NaN,NaN,NaN,NaN,NaN,NaN
36.958,-122.017,NaN,WW082119SC,HAB_SCW,2019-08-21T17:55:00Z,18.8,NaN,NaN,25,12.46,13.18,12.82,NaN,NaN,NaN,0.12,24.69,NaN,NaN,1.15,0.0,250,0.0,NaN,NaN,NaN,NaN,970.0,1850.0,NaN,NaN,NaN,0.0,NaN,NaN,NaN,NaN,NaN,NaN
36.958,-122.017,NaN,WW082819SC,HAB_SCW,2019-08-28T16:30:00Z,18.2,NaN,NaN,25,9.27,8.98,9.13,NaN,NaN,NaN,0.44,13.75,NaN,NaN,6.14,0.19,250,0.0,NaN,NaN,NaN,NaN,360.0,3850.0,NaN,NaN,NaN,0.0,NaN,NaN,NaN,NaN,NaN,NaN
36.958,-122.017,NaN,WW090419SC,HAB_SCW,2019-09-04T16:40:00Z,18.8,NaN,NaN,25,23.3,23.15,23.22,NaN,NaN,NaN,0.23,22.88,NaN,NaN,0.84,0.0,250,0.0,NaN,NaN,NaN,NaN,140.0,2250.0,NaN,NaN,NaN,0.0,NaN,NaN,NaN,NaN,NaN,NaN
36.958,-122.017,NaN,WW091119SC,HAB_SCW,2019-09-11T16:30:00Z,17.1,NaN,NaN,25,15.14,13.7,14.42,NaN,NaN,NaN,0.32,23.85,NaN,NaN,1.75,0.23,250,0.0,NaN,NaN,NaN,NaN,40.0,2725.0,NaN,NaN,NaN,0.0,NaN,NaN,NaN,NaN,NaN,NaN
36.958,-122.017,NaN,WW091819SC,HAB_SCW,2019-09-18T17:20:00Z,17.6,NaN,NaN,25,8.46,9.11,8.79,NaN,NaN,NaN,0.41,24.91,NaN,NaN,1.93,0.11,250,0.0,NaN,NaN,NaN,NaN,13.0,775.0,NaN,NaN,NaN,1600.0,NaN,NaN,NaN,NaN,NaN,NaN
36.958,-122.017,NaN,WW092519SC,HAB_SCW,2019-09-25T16:20:00Z,17.6,NaN,NaN,25,13.12,13.26,13.19,NaN,NaN,NaN,0.28,22.36,NaN,NaN,1.14,0.03,250,0.0,NaN,NaN,NaN,NaN,0.0,250.0,NaN,NaN,NaN,0.0,NaN,NaN,NaN,NaN,NaN,NaN
36.958,-122.017,NaN,WW100219SC,HAB_SCW,2019-10-02T15:40:00Z,16.0,NaN,NaN,25,5.04,4.73,4.88,NaN,NaN,NaN,0.69,19.01,NaN,NaN,6.39,1.04,250,0.0,NaN,NaN,NaN,NaN,10.0,260.0,NaN,NaN,NaN,0.0,NaN,NaN,NaN,NaN,NaN,NaN
36.958,-122.017,NaN,WW100919SC,HAB_SCW,2019-10-09T16:30:00Z,16.9,NaN,NaN,25,10.54,12.22,11.38,NaN,NaN,NaN,0.18,11.77,NaN,NaN,1.17,0.0,250,0.05,NaN,NaN,NaN,NaN,0.0,420.0,NaN,NaN,NaN,900.0,NaN,NaN,NaN,NaN,NaN,NaN
36.958,-122.017,NaN,WW101619SC,HAB_SCW,2019-10-16T16:35:00Z,15.3,NaN,NaN,25,10.85,13.66,12.25,NaN,NaN,NaN,0.31,8.7,NaN,NaN,1.54,0.91,250,0.04,NaN,NaN,NaN,NaN,0.0,340.0,NaN,NaN,NaN,0.0,NaN,NaN,NaN,NaN,NaN,NaN
36.958,-122.017,NaN,WW102319SC,HAB_SCW,2019-10-23T18:05:00Z,16.8,NaN,NaN,25,6.04,6.42,6.23,NaN,NaN,NaN,0.1,6.91,NaN,NaN,0.33,0.0,250,0.02,NaN,NaN,NaN,NaN,0.0,980.0,NaN,NaN,NaN,0.0,NaN,NaN,NaN,NaN,NaN,NaN
36.958,-122.017,NaN,WW103019SC,HAB_SCW,2019-10-30T16:35:00Z,13.5,NaN,NaN,25,2.1,2.34,2.22,NaN,NaN,NaN,0.97,22.46,NaN,NaN,4.41,6.68,250,0.0,NaN,NaN,NaN,NaN,0.0,440.0,NaN,NaN,NaN,0.0,NaN,NaN,NaN,NaN,NaN,NaN
36.958,-122.017,NaN,WW110619SC,HAB_SCW,2019-11-06T17:20:00Z,14.6,NaN,NaN,25,14.71,14.24,14.47,NaN,NaN,NaN,0.25,10.98,NaN,NaN,9.25,0.0,250,0.0,NaN,NaN,NaN,NaN,440.0,NaN,NaN,NaN,NaN,0.0,NaN,NaN,NaN,NaN,NaN,NaN
36.958,-122.017,NaN,WW112019SC,HAB_SCW,2019-11-20T17:30:00Z,14.9,NaN,NaN,25,4.7,4.72,4.71,NaN,NaN,NaN,NaN,NaN,NaN,NaN,4.0,NaN,250,0.0,NaN,NaN,NaN,NaN,0.0,220.0,NaN,NaN,NaN,0.0,NaN,NaN,NaN,NaN,NaN,NaN
36.958,-122.017,NaN,WW112719SC,HAB_SCW,2019-11-27T16:30:00Z,13.1,NaN,NaN,25,3.1,3.45,3.28,NaN,NaN,NaN,NaN,NaN,NaN,NaN,NaN,NaN,250,0.0,NaN,NaN,NaN,NaN,0.0,60.0,NaN,NaN,NaN,0.0,NaN,NaN,NaN,NaN,NaN,NaN
36.958,-122.017,NaN,WW120419SC,HAB_SCW,2019-12-04T17:25:00Z,13.8,NaN,NaN,25,5.3,5.01,5.15,NaN,NaN,NaN,NaN,NaN,NaN,NaN,NaN,NaN,250,0.0,NaN,NaN,NaN,NaN,0.0,110.0,NaN,NaN,NaN,0.0,NaN,NaN,NaN,NaN,NaN,NaN
36.958,-122.017,NaN,WW121119SC,HAB_SCW,2019-12-11T17:35:00Z,15.3,NaN,NaN,25,1.45,1.22,1.34,NaN,NaN,NaN,NaN,NaN,NaN,NaN,NaN,NaN,250,0.0,NaN,NaN,NaN,NaN,0.0,10.0,NaN,NaN,NaN,0.0,NaN,NaN,NaN,NaN,NaN,NaN
36.958,-122.017,NaN,WW121819SC,HAB_SCW,2019-12-18T19:05:00Z,14.9,NaN,NaN,25,1.79,1.7,1.75,NaN,NaN,NaN,NaN,NaN,NaN,NaN,NaN,NaN,250,0.0,NaN,NaN,NaN,NaN,0.0,90.0,NaN,NaN,NaN,0.0,NaN,NaN,NaN,NaN,NaN,NaN
36.958,-122.017,NaN,WW010820SC,HAB_SCW,2020-01-08T17:10:00Z,13.6,NaN,NaN,25,2.62,2.5,2.56,NaN,NaN,NaN,NaN,NaN,NaN,NaN,NaN,NaN,250,0.01,NaN,NaN,NaN,NaN,0.0,330.0,NaN,NaN,NaN,4400.0,NaN,NaN,NaN,NaN,NaN,NaN
36.958,-122.017,NaN,WW011520SC,HAB_SCW,2020-01-15T16:25:00Z,12.1,NaN,NaN,25,2.75,2.82,2.79,NaN,NaN,NaN,NaN,NaN,NaN,NaN,NaN,NaN,250,0.0,NaN,NaN,NaN,NaN,0.0,0.0,NaN,NaN,NaN,3950.0,NaN,NaN,NaN,NaN,NaN,NaN
36.958,-122.017,NaN,WW012220SC,HAB_SCW,2020-01-22T16:35:00Z,13.7,NaN,NaN,25,3.38,3.29,3.33,NaN,NaN,NaN,NaN,NaN,NaN,NaN,NaN,NaN,250,0.0,NaN,NaN,NaN,NaN,27.0,13.0,NaN,NaN,NaN,100.0,NaN,NaN,NaN,NaN,NaN,NaN
36.958,-122.017,NaN,WW012920SC,HAB_SCW,2020-01-29T16:35:00Z,13.8,NaN,NaN,25,2.43,2.26,2.34,NaN,NaN,NaN,NaN,NaN,NaN,NaN,NaN,NaN,250,0.0,NaN,NaN,NaN,NaN,0.0,80.0,NaN,NaN,NaN,0.0,NaN,NaN,NaN,NaN,NaN,NaN
36.958,-122.017,NaN,WW020520SC,HAB_SCW,2020-02-05T16:55:00Z,11.9,NaN,NaN,25,1.09,3.0,2.04,NaN,NaN,NaN,NaN,NaN,NaN,NaN,NaN,NaN,250,0.0,NaN,NaN,NaN,NaN,40.0,240.0,NaN,NaN,NaN,0.0,NaN,NaN,NaN,NaN,NaN,NaN
36.958,-122.017,NaN,WW021220SC,HAB_SCW,2020-02-12T17:20:00Z,14.1,NaN,NaN,25,2.59,2.56,2.58,NaN,NaN,NaN,NaN,NaN,NaN,NaN,NaN,NaN,250,0.02,NaN,NaN,NaN,NaN,0.0,30.0,NaN,NaN,NaN,4050.0,NaN,NaN,NaN,NaN,NaN,NaN
36.958,-122.017,NaN,WW021920SC,HAB_SCW,2020-02-19T17:05:00Z,13.2,NaN,NaN,25,2.56,2.49,2.53,NaN,NaN,NaN,NaN,NaN,NaN,NaN,NaN,NaN,250,NaN,NaN,NaN,NaN,NaN,150.0,1567.0,NaN,NaN,NaN,700.0,NaN,NaN,NaN,NaN,NaN,NaN
36.958,-122.017,NaN,WW022620SC,HAB_SCW,2020-02-26T17:30:00Z,14.7,NaN,NaN,25,2.49,2.74,2.61,NaN,NaN,NaN,NaN,NaN,NaN,NaN,NaN,NaN,250,NaN,NaN,NaN,NaN,NaN,150.0,460.0,NaN,NaN,NaN,0.0,NaN,NaN,NaN,NaN,NaN,NaN
36.958,-122.017,NaN,WW030420SC,HAB_SCW,2020-03-04T17:05:00Z,15.0,NaN,NaN,25,2.82,1.99,2.41,NaN,NaN,NaN,NaN,NaN,NaN,NaN,NaN,NaN,250,NaN,NaN,NaN,NaN,NaN,330.0,390.0,NaN,NaN,NaN,0.0,NaN,NaN,NaN,NaN,NaN,NaN
36.958,-122.017,NaN,WW031120SC,HAB_SCW,2020-03-11T16:45:00Z,15.4,NaN,NaN,25,6.36,5.63,6.0,NaN,NaN,NaN,NaN,NaN,NaN,NaN,NaN,NaN,250,NaN,NaN,NaN,NaN,NaN,4500.0,480.0,NaN,NaN,NaN,0.0,NaN,NaN,NaN,NaN,NaN,NaN
